yyyy,mm,tmax,tmin,af,rain,sun,chivenor
degc,degc,days,mm,hours,chivenor
1951,1,7.9,3.9,---,106.2,48.2,chivenor
1951,2,8.3,2.8,---,96.3,105.2,chivenor
1951,3,8.6,3.5,---,102.1,104.9,chivenor
1951,4,11.4,4.2,---,94.2,225.1,chivenor
1951,5,14.1,7.0,---,59.9,198.7,chivenor
1951,6,18.6,10.7,---,21.8,255.3,chivenor
1951,7,20.2,12.2,---,39.1,261.5,chivenor
1951,8,18.4,12.3,---,118.4,182.1,chivenor
1951,9,18.0,12.6,---,68.6,87.6,chivenor
1951,10,15.3,7.9,---,38.6,133.2,chivenor
1951,11,12.1,7.7,---,102.1,80.8,chivenor
1951,12,9.9,6.1,---,90.9,60.8,chivenor
1952,1,7.5,3.4,---,94.7,76.5,chivenor
1952,2,8.3,2.6,---,32.0,108.4,chivenor
1952,3,10.8,5.9,---,66.8,113.0,chivenor
1952,4,13.9,6.2,---,108.2,185.1,chivenor
1952,5,17.3,9.4,---,75.7,221.7,chivenor
1952,6,18.1,10.9,---,41.1,205.1,chivenor
1952,7,20.9,13.6,---,24.4,193.0,chivenor
1952,8,20.3,13.2,---,138.7,191.6,chivenor
1952,9,15.9,9.3,---,100.1,163.3,chivenor
1952,10,13.9,8.1,---,108.2,119.1,chivenor
1952,11,8.7,4.8,---,122.2,71.3,chivenor
1952,12,8.1,3.6,---,109.7,66.6,chivenor
1953,1,7.7,2.7,---,27.9,52.7,chivenor
1953,2,8.3,2.8,---,41.7,90.9,chivenor
1953,3,12.6,2.2,---,31.0,188.7,chivenor
1953,4,12.8,4.9,---,51.1,214.8,chivenor
1953,5,17.2,8.7,---,71.9,227.1,chivenor
1953,6,18.4,10.6,---,29.0,219.4,chivenor
1953,7,19.4,13.2,---,140.0,220.6,chivenor
1953,8,20.3,13.1,---,87.4,227.3,chivenor
1953,9,17.8,11.4,---,111.5,151.0,chivenor
1953,10,15.7,7.8,---,50.8,150.7,chivenor
1953,11,12.4,7.8,---,71.9,59.5,chivenor
1953,12,11.6,7.2,---,31.2,52.2,chivenor
1954,1,7.4,3.5,---,55.6,69.7,chivenor
1954,2,7.9,2.4,---,105.2,83.8,chivenor
1954,3,10.6,4.9,---,64.3,127.1,chivenor
1954,4,13.1,4.1,---,16.8,264.8,chivenor
1954,5,15.4,8.2,---,59.9,199.2,chivenor
1954,6,17.1,10.9,---,66.5,181.2,chivenor
1954,7,16.7,12.3,---,110.0,130.9,chivenor
1954,8,18.2,12.4,---,73.7,155.1,chivenor
1954,9,17.3,11.3,---,97.5,162.6,chivenor
1954,10,15.8,10.8,---,100.1,76.8,chivenor
1954,11,12.0,6.1,---,172.2,44.7,chivenor
1954,12,10.2,6.8,---,96.0,52.2,chivenor
1955,1,7.6,3.4,---,112.3,50.4,chivenor
1955,2,5.8,0.2,---,73.2,91.0,chivenor
1955,3,8.4,0.7,---,26.7,192.1,chivenor
1955,4,14.0,6.0,---,50.8,191.8,chivenor
1955,5,14.7,7.4,---,99.6,244.6,chivenor
1955,6,17.9,11.6,---,82.3,165.3,chivenor
1955,7,23.1,12.8,---,20.1,321.4,chivenor
1955,8,24.3,13.9,---,6.6,254.1,chivenor
1955,9,19.3,11.5,---,49.5,177.3,chivenor
1955,10,14.4,7.7,---,52.6,128.6,chivenor
1955,11,11.7,5.0,---,54.9,101.2,chivenor
1955,12,10.7,6.4,---,135.4,34.0,chivenor
1956,1,8.7,4.1,---,98.0,59.4,chivenor
1956,2,4.1,-1.6,---,13.2,112.6,chivenor
1956,3,11.5,4.0,---,18.8,176.1,chivenor
1956,4,12.6,3.6,---,41.7,225.4,chivenor
1956,5,16.5,7.9,---,20.8,283.5,chivenor
1956,6,17.4,10.1,---,44.2,232.8,chivenor
1956,7,19.6,12.8,---,116.1,185.7,chivenor
1956,8,17.9,11.7,---,76.2,205.0,chivenor
1956,9,18.1,12.9,---,126.0,93.4,chivenor
1956,10,14.7,8.4,---,62.0,122.3,chivenor
1956,11,10.5,5.9,---,37.6,65.5,chivenor
1956,12,9.8,6.2,---,93.0,23.3,chivenor
1957,1,9.2,5.2,---,64.8,53.9,chivenor
1957,2,10.0,4.8,---,128.5,89.9,chivenor
1957,3,13.7,8.3,---,76.7,117.3,chivenor
1957,4,14.3,6.6,---,5.1,212.9,chivenor
1957,5,15.9,7.6,---,52.6,255.0,chivenor
1957,6,21.1,10.5,---,40.6,336.8,chivenor
1957,7,20.2,13.8,---,79.2,174.4,chivenor
1957,8,19.4,13.1,---,80.5,163.7,chivenor
1957,9,17.1,11.7,---,115.3,135.9,chivenor
1957,10,15.8,9.8,---,108.7,93.9,chivenor
1957,11,10.0,5.6,---,49.3,65.1,chivenor
1957,12,8.9,4.1,---,49.0,60.4,chivenor
1958,1,7.9,3.6,---,66.8,46.8,chivenor
1958,2,9.7,5.9,---,100.3,45.8,chivenor
1958,3,8.6,2.8,---,22.6,126.3,chivenor
1958,4,12.0,4.7,---,21.3,160.4,chivenor
1958,5,15.5,8.3,---,71.9,212.0,chivenor
1958,6,17.4,10.8,---,100.3,206.9,chivenor
1958,7,19.4,12.8,---,55.4,167.1,chivenor
1958,8,19.1,13.6,---,128.3,110.1,chivenor
1958,9,19.8,13.1,---,132.1,149.5,chivenor
1958,10,14.9,9.9,---,108.7,108.1,chivenor
1958,11,11.0,6.3,---,99.8,53.3,chivenor
1958,12,9.2,4.4,---,105.2,48.0,chivenor
1959,1,---,---,---,---,93.1,chivenor
1959,2,---,---,---,---,98.6,chivenor
1959,3,---,---,---,---,120.0,chivenor
1959,4,---,---,---,---,177.4,chivenor
1959,5,---,---,---,---,264.7,chivenor
1959,6,---,---,---,---,283.1,chivenor
1959,7,---,---,---,---,263.7,chivenor
1959,8,---,---,---,---,226.9,chivenor
1959,9,---,---,---,---,254.7,chivenor
1959,10,---,---,---,---,121.6,chivenor
1959,11,---,---,---,---,56.5,chivenor
1959,12,---,---,---,---,32.2,chivenor
1960,1,---,---,---,---,51.2,chivenor
1960,2,---,---,---,---,99.0,chivenor
1960,3,---,---,---,---,102.2,chivenor
1960,4,---,---,---,---,220.9,chivenor
1960,5,---,---,---,---,191.7,chivenor
1960,6,---,---,---,---,289.8,chivenor
1960,7,---,---,---,---,186.6,chivenor
1960,8,---,---,---,---,189.0,chivenor
1960,9,---,---,---,---,132.9,chivenor
1960,10,---,---,---,---,86.5,chivenor
1960,11,---,---,---,---,75.8,chivenor
1960,12,---,---,---,---,66.5,chivenor
1961,1,---,---,---,121.9,39.6,chivenor
1961,2,---,---,---,50.7,60.8,chivenor
1961,3,---,---,---,10.0,139.6,chivenor
1961,4,---,---,---,125.8,117.8,chivenor
1961,5,---,---,---,23.7,290.5,chivenor
1961,6,---,---,---,24.3,257.8,chivenor
1961,7,---,---,---,46.5,212.9,chivenor
1961,8,---,---,---,86.7,194.6,chivenor
1961,9,---,---,---,69.0,144.7,chivenor
1961,10,---,---,---,186.6,100.0,chivenor
1961,11,---,---,---,54.1,65.3,chivenor
1961,12,---,---,---,90.2,75.1,chivenor
1962,1,---,---,---,113.7,56.0,chivenor
1962,2,---,---,---,25.6,83.6,chivenor
1962,3,---,---,---,58.3,152.8,chivenor
1962,4,---,---,---,57.5,188.2,chivenor
1962,5,---,---,---,45.9,212.6,chivenor
1962,6,---,---,---,22.6,301.7,chivenor
1962,7,---,---,---,45.6,193.9,chivenor
1962,8,---,---,---,60.0,167.5,chivenor
1962,9,---,---,---,77.3,135.0,chivenor
1962,10,---,---,---,19.8,144.2,chivenor
1962,11,---,---,---,55.4,53.2,chivenor
1962,12,---,---,---,48.9,67.2,chivenor
1963,1,---,---,---,17.1,103.9,chivenor
1963,2,---,---,---,33.8,94.5,chivenor
1963,3,---,---,---,96.0,119.3,chivenor
1963,4,---,---,---,77.7,153.2,chivenor
1963,5,---,---,---,28.8,200.5,chivenor
1963,6,---,---,---,54.6,202.8,chivenor
1963,7,---,---,---,86.3,189.3,chivenor
1963,8,---,---,---,107.8,138.4,chivenor
1963,9,---,---,---,36.4,150.3,chivenor
1963,10,---,---,---,41.7,75.7,chivenor
1963,11,---,---,---,192.6,63.0,chivenor
1963,12,---,---,---,25.5,59.4,chivenor
1964,1,---,---,---,17.9,51.2,chivenor
1964,2,---,---,---,31.8,69.1,chivenor
1964,3,---,---,---,47.7,103.3,chivenor
1964,4,---,---,---,34.5,148.9,chivenor
1964,5,---,---,---,66.8,179.0,chivenor
1964,6,---,---,---,37.0,176.0,chivenor
1964,7,---,---,---,39.9,195.5,chivenor
1964,8,---,---,---,39.2,192.4,chivenor
1964,9,---,---,---,36.7,180.3,chivenor
1964,10,---,---,---,91.4,113.8,chivenor
1964,11,---,---,---,62.7,73.0,chivenor
1964,12,---,---,---,68.2,56.9,chivenor
1965,1,---,---,---,106.9,58.9,chivenor
1965,2,---,---,---,2.4,55.0,chivenor
1965,3,---,---,---,64.8,150.7,chivenor
1965,4,---,---,---,55.3,189.2,chivenor
1965,5,---,---,---,51.5,181.3,chivenor
1965,6,---,---,---,61.0,193.3,chivenor
1965,7,---,---,---,123.5,175.2,chivenor
1965,8,---,---,---,66.7,188.8,chivenor
1965,9,---,---,---,90.8,119.2,chivenor
1965,10,---,---,---,24.7,147.7,chivenor
1965,11,---,---,---,109.2,65.5,chivenor
1965,12,---,---,---,138.0,51.9,chivenor
1966,1,---,---,---,63.6,40.8,chivenor
1966,2,---,---,---,80.7,47.8,chivenor
1966,3,---,---,---,30.4,142.3,chivenor
1966,4,---,---,---,127.1,111.4,chivenor
1966,5,---,---,---,59.8,242.9,chivenor
1966,6,---,---,---,79.3,186.8,chivenor
1966,7,---,---,---,40.4,196.2,chivenor
1966,8,---,---,---,106.7,199.8,chivenor
1966,9,---,---,---,35.5,169.1,chivenor
1966,10,---,---,---,120.1,111.1,chivenor
1966,11,---,---,---,66.2,69.6,chivenor
1966,12,---,---,---,89.4,36.9,chivenor
1967,1,---,---,---,56.4,55.5,chivenor
1967,2,---,---,---,85.1,98.0,chivenor
1967,3,---,---,---,46.2,157.7,chivenor
1967,4,---,---,---,29.0,153.9,chivenor
1967,5,---,---,---,89.9,177.1,chivenor
1967,6,---,---,---,12.3,225.6,chivenor
1967,7,---,---,---,49.3,178.1,chivenor
1967,8,---,---,---,59.8,175.7,chivenor
1967,9,---,---,---,109.9,153.9,chivenor
1967,10,---,---,---,171.0,74.9,chivenor
1967,11,---,---,---,77.0,77.2,chivenor
1967,12,---,---,---,84.0,48.0,chivenor
1968,1,---,---,---,87.1,30.6,chivenor
1968,2,---,---,---,38.7,91.3,chivenor
1968,3,---,---,---,42.6,142.9,chivenor
1968,4,---,---,---,64.6,177.7,chivenor
1968,5,---,---,---,50.6,186.5,chivenor
1968,6,---,---,---,122.4,201.3,chivenor
1968,7,---,---,---,119.9,246.1,chivenor
1968,8,---,---,---,37.8,178.2,chivenor
1968,9,---,---,---,89.6,129.8,chivenor
1968,10,---,---,---,88.8,43.5,chivenor
1968,11,---,---,---,58.9,57.9,chivenor
1968,12,---,---,---,119.4,51.3,chivenor
1969,1,---,---,---,136.3,40.4,chivenor
1969,2,---,---,---,54.4,60.3,chivenor
1969,3,---,---,---,59.3,100.2,chivenor
1969,4,---,---,---,45.5,223.2,chivenor
1969,5,---,---,---,125.4,164.0,chivenor
1969,6,---,---,---,34.6,262.8,chivenor
1969,7,---,---,---,80.3,---,chivenor
1969,8,---,---,---,62.7,183.4,chivenor
1969,9,---,---,---,60.4,105.9,chivenor
1969,10,---,---,---,15.0,126.1,chivenor
1969,11,---,---,---,146.1,69.9,chivenor
1969,12,---,---,---,94.6,42.0,chivenor
1970,1,---,---,---,94.4,52.3,chivenor
1970,2,---,---,---,102.2,91.4,chivenor
1970,3,---,---,---,58.2,114.3,chivenor
1970,4,---,---,---,58.2,154.4,chivenor
1970,5,---,---,---,29.3,193.8,chivenor
1970,6,---,---,---,35.3,219.7,chivenor
1970,7,---,---,---,72.5,179.1,chivenor
1970,8,---,---,---,75.2,162.0,chivenor
1970,9,---,---,---,72.0,126.6,chivenor
1970,10,---,---,---,68.9,77.5,chivenor
1970,11,---,---,---,194.0,44.9,chivenor
1970,12,---,---,---,56.8,65.4,chivenor
1971,1,---,---,---,163.2,---,chivenor
1971,2,---,---,---,32.3,---,chivenor
1971,3,---,---,---,71.9,---,chivenor
1971,4,---,---,---,45.5,---,chivenor
1971,5,---,---,---,43.3,---,chivenor
1971,6,---,---,---,97.1,---,chivenor
1971,7,---,---,---,29.0,---,chivenor
1971,8,---,---,---,87.9,---,chivenor
1971,9,---,---,---,25.5,---,chivenor
1971,10,---,---,---,74.6,---,chivenor
1971,11,---,---,---,107.1,---,chivenor
1971,12,---,---,---,45.3,---,chivenor
1972,1,---,---,---,90.6,---,chivenor
1972,2,---,---,---,102.4,---,chivenor
1972,3,---,---,---,43.9,---,chivenor
1972,4,---,---,---,57.9,---,chivenor
1972,5,---,---,---,64.9,---,chivenor
1972,6,---,---,---,86.0,---,chivenor
1972,7,---,---,---,52.2,---,chivenor
1972,8,---,---,---,21.4,---,chivenor
1972,9,---,---,---,45.2,---,chivenor
1972,10,---,---,---,45.6,---,chivenor
1972,11,---,---,---,116.9,---,chivenor
1972,12,---,---,---,135.0,---,chivenor
1973,1,---,---,---,58.5,---,chivenor
1973,2,---,---,---,55.8,---,chivenor
1973,3,---,---,---,18.8,---,chivenor
1973,4,---,---,---,47.5,---,chivenor
1973,5,---,---,---,64.3,---,chivenor
1973,6,---,---,---,25.9,---,chivenor
1973,7,---,---,---,73.0,---,chivenor
1973,8,---,---,---,75.1,---,chivenor
1973,9,---,---,---,74.6,---,chivenor
1973,10,---,---,---,43.3,---,chivenor
1973,11,---,---,---,83.9,---,chivenor
1973,12,---,---,---,72.1,---,chivenor
1974,1,---,---,---,124.8,---,chivenor
1974,2,---,---,---,121.6,---,chivenor
1974,3,---,---,---,47.2,---,chivenor
1974,4,---,---,---,20.5,---,chivenor
1974,5,---,---,---,39.0,---,chivenor
1974,6,---,---,---,61.2,---,chivenor
1974,7,---,---,---,48.5,---,chivenor
1974,8,---,---,---,115.6,---,chivenor
1974,9,---,---,---,---,---,chivenor
1974,10,---,---,---,---,---,chivenor
1974,11,---,---,---,---,---,chivenor
1974,12,---,---,---,---,---,chivenor
1980,1,---,---,---,---,---,chivenor
1980,2,---,---,---,---,---,chivenor
1980,3,---,---,---,---,---,chivenor
1980,4,---,---,---,---,---,chivenor
1980,5,---,---,---,---,---,chivenor
1980,6,---,---,---,---,---,chivenor
1980,7,---,---,---,---,---,chivenor
1980,8,---,---,---,58.0,---,chivenor
1980,9,---,---,---,102.2,---,chivenor
1980,10,---,---,---,133.5,---,chivenor
1980,11,---,---,---,85.5,---,chivenor
1980,12,---,---,---,66.8,---,chivenor
1981,1,---,---,---,52.7,---,chivenor
1981,2,---,---,---,35.9,---,chivenor
1981,3,---,---,---,128.3,---,chivenor
1981,4,---,---,---,56.9,---,chivenor
1981,5,---,---,---,97.5,---,chivenor
1981,6,---,---,---,29.3,---,chivenor
1981,7,---,---,---,62.4,---,chivenor
1981,8,---,---,---,19.9,---,chivenor
1981,9,---,---,---,139.7,---,chivenor
1981,10,---,---,---,178.8,---,chivenor
1981,11,---,---,---,44.1,---,chivenor
1981,12,---,---,---,108.2,---,chivenor
1982,1,---,---,---,97.2,---,chivenor
1982,2,---,---,---,63.8,---,chivenor
1982,3,---,---,---,94.1,---,chivenor
1982,4,---,---,---,20.4,---,chivenor
1982,5,---,---,---,27.5,---,chivenor
1982,6,---,---,---,93.3,---,chivenor
1982,7,---,---,---,45.1,---,chivenor
1982,8,---,---,---,60.1,---,chivenor
1982,9,---,---,---,68.1,---,chivenor
1982,10,---,---,---,112.8,---,chivenor
1982,11,---,---,---,140.6,---,chivenor
1982,12,---,---,---,147.6,---,chivenor
1983,1,---,---,---,117.1,---,chivenor
1983,2,---,---,---,23.5,---,chivenor
1983,3,---,---,---,53.1,---,chivenor
1983,4,---,---,---,74.3,---,chivenor
1983,5,---,---,---,111.5,---,chivenor
1983,6,---,---,---,34.0,---,chivenor
1983,7,---,---,---,18.4,---,chivenor
1983,8,---,---,---,68.3,---,chivenor
1983,9,---,---,---,93.3,---,chivenor
1983,10,---,---,---,84.5,---,chivenor
1983,11,---,---,---,46.7,---,chivenor
1983,12,---,---,---,108.2,---,chivenor
1984,1,---,---,---,132.2,---,chivenor
1984,2,---,---,---,59.2,---,chivenor
1984,3,---,---,---,28.4,---,chivenor
1984,4,---,---,---,4.9,---,chivenor
1984,5,---,---,---,47.8,---,chivenor
1984,6,---,---,---,26.5,---,chivenor
1984,7,---,---,---,15.6,---,chivenor
1984,8,---,---,---,54.7,---,chivenor
1984,9,---,---,---,141.0,---,chivenor
1984,10,---,---,---,90.7,---,chivenor
1984,11,---,---,---,164.0,---,chivenor
1984,12,---,---,---,113.3,---,chivenor
1985,1,---,---,---,67.7,---,chivenor
1985,2,---,---,---,35.8,---,chivenor
1985,3,---,---,---,64.1,---,chivenor
1985,4,---,---,---,80.2,---,chivenor
1985,5,---,---,---,52.6,---,chivenor
1985,6,---,---,---,95.7,---,chivenor
1985,7,---,---,---,50.6,---,chivenor
1985,8,---,---,---,134.0,---,chivenor
1985,9,---,---,---,60.8,---,chivenor
1985,10,---,---,---,54.6,---,chivenor
1985,11,---,---,---,52.5,---,chivenor
1985,12,---,---,---,114.7,---,chivenor
1986,1,---,---,---,83.8,---,chivenor
1986,2,---,---,---,1.1,---,chivenor
1986,3,---,---,---,56.2,---,chivenor
1986,4,9.6,3.6,1,76.3,---,chivenor
1986,5,14.8,7.9,0,53.4,---,chivenor
1986,6,19.1,11.2,0,84.6,---,chivenor
1986,7,18.9,12.6,0,38.6,---,chivenor
1986,8,17.3,11.1,0,146.5,---,chivenor
1986,9,16.1,8.1,0,22.8,---,chivenor
1986,10,15.6,9.0,0,98.5,---,chivenor
1986,11,12.2,5.4,2,120.3,---,chivenor
1986,12,10.9,5.0,0,141.7,---,chivenor
1987,1,5.0,0.3,13,19.1,---,chivenor
1987,2,8.2,2.2,8,61.7,---,chivenor
1987,3,9.1,2.8,7,86.1,---,chivenor
1987,4,14.9,6.5,0,50.9,---,chivenor
1987,5,15.1,7.2,0,45.9,---,chivenor
1987,6,16.7,10.4,0,71.1,---,chivenor
1987,7,20.4,12.7,0,38.6,---,chivenor
1987,8,20.4,12.6,0,38.7,---,chivenor
1987,9,18.5,10.9,0,65.7,---,chivenor
1987,10,14.4,7.6,1,164.1,---,chivenor
1987,11,11.0,5.2,3,108.1,---,chivenor
1987,12,9.4,4.9,3,57.9,---,chivenor
1988,1,10.2,4.6,2,159.0,---,chivenor
1988,2,9.5,3.2,2,71.5,---,chivenor
1988,3,10.3,5.4,2,100.7,---,chivenor
1988,4,13.4,5.0,2,37.3,---,chivenor
1988,5,16.3,7.7,0,51.8,---,chivenor
1988,6,19.6,11.5,0,74.6,---,chivenor
1988,7,17.7,12.2,0,117.7,---,chivenor
1988,8,19.0,12.0,0,98.3,---,chivenor
1988,9,17.3,11.2,0,54.8,---,chivenor
1988,10,15.0,8.7,0,94.1,---,chivenor
1988,11,11.4,3.7,5,47.3,---,chivenor
1988,12,10.9,6.8,2,56.4,---,chivenor
1989,1,10.4,4.2,5,40.3,---,chivenor
1989,2,10.6,3.8,2,97.8,---,chivenor
1989,3,11.6,5.0,1,80.1,---,chivenor
1989,4,11.4,3.0,2,67.2,---,chivenor
1989,5,19.6,9.5,0,10.8,---,chivenor
1989,6,19.9,10.4,0,36.2,---,chivenor
1989,7,23.1,14.0,0,36.6,---,chivenor
1989,8,21.4,13.0,0,50.9,---,chivenor
1989,9,19.3,11.4,0,119.7,---,chivenor
1989,10,16.2,10.3,0,113.4,---,chivenor
1989,11,11.7,5.3,6,69.8,---,chivenor
1989,12,9.7,2.8,8,140.0,---,chivenor
1990,1,10.9,5.2,0,132.9,---,chivenor
1990,2,11.8,5.6,0,141.9,---,chivenor
1990,3,12.4,5.6,2,19.9,---,chivenor
1990,4,13.2,4.4,4,45.7,---,chivenor
1990,5,18.9,8.6,0,32.1,---,chivenor
1990,6,17.4,10.6,0,59.7,---,chivenor
1990,7,22.6,12.6,0,35.2,---,chivenor
1990,8,21.9,14.3,0,59.8,---,chivenor
1990,9,18.3,9.7,0,77.8,---,chivenor
1990,10,16.1,10.2,0,135.2,---,chivenor
1990,11,11.2,5.3,2,74.2,---,chivenor
1990,12,8.7,2.6,6,110.4,---,chivenor
1991,1,7.7,1.8,9,119.8,---,chivenor
1991,2,6.8,-1.1,17,54.5,---,chivenor
1991,3,11.9,5.3,2,65.4,---,chivenor
1991,4,12.6,4.7,1,99.7,---,chivenor
1991,5,15.4,8.4,0,8.7,---,chivenor
1991,6,16.5,9.6,0,107.8,---,chivenor
1991,7,20.3,13.5,0,65.9,---,chivenor
1991,8,21.0,12.8,0,21.8,---,chivenor
1991,9,20.4,11.4,0,83.6,---,chivenor
1991,10,14.3,7.9,0,96.0,---,chivenor
1991,11,11.1,5.2,2,91.8,---,chivenor
1991,12,9.0,3.6,4,39.3,---,chivenor
1992,1,7.8,1.1,16,51.4,---,chivenor
1992,2,9.8,3.3,5,45.9,---,chivenor
1992,3,11.0,5.4,1,50.3,---,chivenor
1992,4,12.8,5.6,1,65.4,---,chivenor
1992,5,18.6,9.2,0,30.0,---,chivenor
1992,6,21.0,11.0,0,21.1,---,chivenor
1992,7,20.4,13.3,0,95.0,---,chivenor
1992,8,19.0,12.3,0,127.7,---,chivenor
1992,9,17.3,10.8,0,55.0,---,chivenor
1992,10,12.4,6.1,2,103.3,---,chivenor
1992,11,12.3,6.1,1,148.8,---,chivenor
1992,12,8.4,3.1,8,68.7,---,chivenor
1993,1,10.7,4.7,3,119.6,---,chivenor
1993,2,8.5,4.0,1,14.8,---,chivenor
1993,3,11.0,3.8,6,21.2,---,chivenor
1993,4,13.4,7.0,0,39.1,---,chivenor
1993,5,16.0,8.0,0,69.4,---,chivenor
1993,6,19.1,11.2,0,179.7,---,chivenor
1993,7,18.7,12.7,0,125.6,---,chivenor
1993,8,19.3,11.5,0,37.5,---,chivenor
1993,9,17.5,9.5,0,78.9,---,chivenor
1993,10,12.9,5.8,2,120.4,---,chivenor
1993,11,10.0,3.6,5,74.2,---,chivenor
1993,12,10.1,5.1,3,163.2,---,chivenor
1994,1,9.6,4.3,2,125.4,---,chivenor
1994,2,8.8,2.2,8,101.9,---,chivenor
1994,3,11.3,6.3,1,96.4,---,chivenor
1994,4,12.4,5.7,1,71.2,---,chivenor
1994,5,15.4,7.7,0,46.4,---,chivenor
1994,6,18.0,10.5,0,29.6,---,chivenor
1994,7,21.7,13.0,0,40.6,---,chivenor
1994,8,20.2,13.1,0,92.4,---,chivenor
1994,9,16.8,11.3,0,113.0,---,chivenor
1994,10,15.7,8.1,0,111.5,---,chivenor
1994,11,13.8,9.7,0,90.4,---,chivenor
1994,12,11.6,---,---,157.6,---,chivenor
1995,1,---,---,---,157.2,---,chivenor
1995,2,10.6,---,---,98.8,---,chivenor
1995,3,---,---,---,64.6,---,chivenor
1995,4,---,---,---,---,---,chivenor
1995,5,---,---,---,49.2,---,chivenor
1995,6,19.3,10.9,0,11.4,---,chivenor
1995,7,22.8,14.3,0,75.0,---,chivenor
1995,8,25.0,14.5,0,16.8,---,chivenor
1995,9,18.5,11.4,0,97.0,---,chivenor
1995,10,17.3,---,---,71.6,---,chivenor
1995,11,12.5,5.6,4,86.0,---,chivenor
1995,12,---,---,---,84.2,---,chivenor
1996,1,8.3,4.3,3,56.4,---,chivenor
1996,2,7.8,1.2,11,67.0,---,chivenor
1996,3,9.7,3.1,3,46.6,---,chivenor
1996,4,12.8,5.6,4,79.0,---,chivenor
1996,5,14.3,6.2,0,85.2,---,chivenor
1996,6,18.5,10.0,0,33.4,---,chivenor
1996,7,20.5,12.6,0,28.6,---,chivenor
1996,8,20.7,13.0,0,65.2,---,chivenor
1996,9,18.8,10.8,0,31.0,---,chivenor
1996,10,15.7,10.6,0,100.6,---,chivenor
1996,11,11.0,5.0,2,125.2,---,chivenor
1996,12,---,---,---,35.2,---,chivenor
1997,1,6.4,1.4,11,11.4,---,chivenor
1997,2,10.8,4.8,2,89.2,---,chivenor
1997,3,12.4,5.8,1,24.6,---,chivenor
1997,4,14.5,5.1,0,20.2,---,chivenor
1997,5,17.3,8.2,0,63.6,---,chivenor
1997,6,18.2,11.6,0,101.6,---,chivenor
1997,7,20.4,12.7,0,39.0,---,chivenor
1997,8,22.0,15.7,0,131.6,---,chivenor
1997,9,19.3,11.3,0,30.2,---,chivenor
1997,10,16.0,9.0,0,98.6,---,chivenor
1997,11,13.1,6.9,0,145.6,---,chivenor
1997,12,10.6,4.8,4,72.0,---,chivenor
1998,1,9.5,3.8,6,106.8,---,chivenor
1998,2,11.9,4.6,4,26.8,---,chivenor
1998,3,11.8,6.1,1,92.2,---,chivenor
1998,4,11.9,5.5,0,108.2,---,chivenor
1998,5,18.3,9.5,0,34.0,---,chivenor
1998,6,18.1,12.0,0,107.0,---,chivenor
1998,7,18.7,13.3,0,77.0,---,chivenor
1998,8,20.0,12.5,0,30.0,---,chivenor
1998,9,18.8,12.5,0,80.6,---,chivenor
1998,10,15.1,9.6,0,160.8,---,chivenor
1998,11,11.1,5.7,1,97.8,---,chivenor
1998,12,10.6,4.0,6,90.2,---,chivenor
1999,1,10.5,4.4,5,125.6,---,chivenor
1999,2,9.3,4.5,1,70.2,---,chivenor
1999,3,11.2,4.7,1,39.4,---,chivenor
1999,4,13.4,7.2,1,83.2,---,chivenor
1999,5,17.3,10.4,0,40.4,---,chivenor
1999,6,18.0,10.4,0,81.0,---,chivenor
1999,7,21.9,13.8,0,19.2,---,chivenor
1999,8,21.2,13.6,0,92.2,---,chivenor
1999,9,20.0,11.8,0,106.6,---,chivenor
1999,10,15.3,8.6,0,91.4,---,chivenor
1999,11,12.2,6.5,1,59.8,---,chivenor
1999,12,10.0,4.9,3,214.6,---,chivenor
2000,1,9.1,2.6,7,38.8,---,chivenor
2000,2,10.5,5.1,1,110.0,---,chivenor
2000,3,11.4,4.9,0,36.6,---,chivenor
2000,4,12.4,5.0,2,109.0,---,chivenor
2000,5,16.7,9.2,0,103.4,---,chivenor
2000,6,19.0,11.6,0,32.6,---,chivenor
2000,7,19.9,12.9,0,119.0,---,chivenor
2000,8,20.6,14.0,0,82.4,---,chivenor
2000,9,19.1,12.3,0,137.8,---,chivenor
2000,10,14.6,8.8,0,228.2,---,chivenor
2000,11,11.2,5.9,0,220.2,---,chivenor
2000,12,10.0,5.3,4,155.6,---,chivenor
2001,1,8.3,2.7,7,78.6,---,chivenor
2001,2,9.6,3.1,8,69.6,---,chivenor
2001,3,10.1,4.2,4,91.0,---,chivenor
2001,4,12.0,5.5,0,82.6,---,chivenor
2001,5,17.7,9.0,0,22.4,---,chivenor
2001,6,19.1,10.4,0,45.6,---,chivenor
2001,7,20.6,13.0,0,62.0,---,chivenor
2001,8,20.9,13.9,0,58.0,---,chivenor
2001,9,18.6,11.9,0,29.6,---,chivenor
2001,10,17.7,11.5,0,112.6,---,chivenor
2001,11,12.6,5.4,1,90.2,---,chivenor
2001,12,8.9,2.0,9,37.2,---,chivenor
2002,1,10.3,4.8,3,95.8,---,chivenor
2002,2,11.1,5.4,3,124.8,---,chivenor
2002,3,12.2,5.5,0,44.4,---,chivenor
2002,4,13.5,5.9,1,49.2,---,chivenor
2002,5,16.0,8.6,0,114.4,---,chivenor
2002,6,17.2,11.2,0,41.2,---,chivenor
2002,7,---,12.4,0,50.6,---,chivenor
2002,8,20.2,13.1,0,32.4,---,chivenor
2002,9,19.4,10.4,0,24.8,---,chivenor
2002,10,15.1,8.8,0,119.6,---,chivenor
2002,11,13.1,7.9,0,139.6,---,chivenor
2002,12,9.5,5.2,1,114.4,---,chivenor
2003,1,8.4,3.1,8,57.6,---,chivenor
2003,2,8.8,2.7,7,46.2,---,chivenor
2003,3,13.2,4.9,1,44.8,---,chivenor
2003,4,15.3,5.6,4,38.4,---,chivenor
2003,5,15.5,9.0,0,60.6,---,chivenor
2003,6,19.9,11.5,0,44.0,---,chivenor
2003,7,21.1,13.8,0,83.6,---,chivenor
2003,8,22.8,14.1,0,28.8,---,chivenor
2003,9,20.0,10.3,0,20.8,---,chivenor
2003,10,14.1,7.0,4,78.8,---,chivenor
2003,11,12.6,6.3,1,92.4,---,chivenor
2003,12,9.9,4.3,1,119.4,---,chivenor
2004,1,9.6,4.3,4,117.6,---,chivenor
2004,2,9.2,3.5,5,46.9,---,chivenor
2004,3,11.1,4.0,7,49.8,---,chivenor
2004,4,13.3,6.6,1,48.4,---,chivenor
2004,5,16.7,8.4,0,32.0,---,chivenor
2004,6,19.2,12.0,0,49.4,---,chivenor
2004,7,---,---,---,41.0,---,chivenor
2004,8,21.1,14.3,0,124.8,---,chivenor
2004,9,18.9,12.8,0,60.5,---,chivenor
2004,10,14.5,8.7,0,141.6,---,chivenor
2004,11,12.3,7.6,0,43.0,---,chivenor
2004,12,10.2,4.7,5,116.3,---,chivenor
2005,1,10.4,5.7,0,57.4,---,chivenor
2005,2,8.2,2.9,5,47.4,---,chivenor
2005,3,11.4,5.2,4,56.0,---,chivenor
2005,4,13.7,6.5,0,71.0,---,chivenor
2005,5,15.6,8.2,0,38.4,---,chivenor
2005,6,19.6,12.4,0,105.3,---,chivenor
2005,7,20.8,14.2,0,63.0,---,chivenor
2005,8,20.4,12.3,0,42.6,---,chivenor
2005,9,19.6,12.1,0,68.8,---,chivenor
2005,10,16.8,11.4,0,122.4,---,chivenor
2005,11,11.6,4.0,10,103.0,---,chivenor
2005,12,9.5,2.9,9,81.2,---,chivenor
2006,1,8.4,2.7,7,43.0,---,chivenor
2006,2,7.5,2.4,8,38.7,---,chivenor
2006,3,9.5,3.9,3,74.0,---,chivenor
2006,4,12.9,6.3,1,22.4,---,chivenor
2006,5,15.8,8.9,0,91.2,---,chivenor
2006,6,20.4,---,---,44.0,---,chivenor
2006,7,24.2,14.5,0,28.2,---,chivenor
2006,8,20.0,14.1,0,24.0,---,chivenor
2006,9,21.3,13.6,0,35.6,---,chivenor
2006,10,16.8,11.3,0,117.0,---,chivenor
2006,11,13.0,5.7,3,127.8,---,chivenor
2006,12,10.4,5.9,4,96.6,---,chivenor
2007,1,10.8,6.1,1,73.9,---,chivenor
2007,2,10.7,5.2,3,117.8,---,chivenor
2007,3,11.7,4.6,1,50.0,---,chivenor
2007,4,17.0,7.2,0,9.0,---,chivenor
2007,5,16.2,9.5,0,118.8,---,chivenor
2007,6,18.9,12.2,0,123.2,---,chivenor
2007,7,18.6,12.8,0,131.6,---,chivenor
2007,8,20.1,12.4,0,67.0,---,chivenor
2007,9,18.7,11.2,0,34.0,---,chivenor
2007,10,15.7,9.0,0,40.6,---,chivenor
2007,11,12.3,6.2,1,54.8,---,chivenor
2007,12,9.8,3.9,9,105.6,---,chivenor
2008,1,10.7,5.4,0,105.4,---,chivenor
2008,2,10.9,3.0,5,36.4,---,chivenor
2008,3,10.4,5.0,1,84.8,---,chivenor
2008,4,12.2,5.2,2,52.5,---,chivenor
2008,5,18.6,10.0,0,75.4,---,chivenor
2008,6,17.9,11.1,0,30.4,---,chivenor
2008,7,19.8,13.0,0,116.4,---,chivenor
2008,8,19.0,14.1,0,118.0,---,chivenor
2008,9,17.9,10.4,0,100.2,---,chivenor
2008,10,14.5,8.4,1,94.0,---,chivenor
2008,11,11.2,6.7,1,100.4,---,chivenor
2008,12,8.4,2.7,6,60.6,---,chivenor
2009,1,7.7,1.7,9,91.2,---,chivenor
2009,2,7.9,3.0,7,62.6,---,chivenor
2009,3,11.4,4.1,4,59.4,---,chivenor
2009,4,14.3,6.1,0,39.8,---,chivenor
2009,5,16.1,8.7,0,49.0,---,chivenor
2009,6,20.1,11.7,0,58.6,---,chivenor
2009,7,19.5,13.8,0,233.0,---,chivenor
2009,8,19.6,13.8,0,54.2,---,chivenor
2009,9,18.2,11.2,0,36.2,---,chivenor
2009,10,16.1,9.6,0,93.8,---,chivenor
2009,11,12.7,7.7,0,190.2,---,chivenor
2009,12,8.0,2.4,6,92.6,---,chivenor
2010,1,6.3,-0.3,15,64.6,---,chivenor
2010,2,7.7,2.1,7,58.2,---,chivenor
2010,3,10.6,3.0,6,52.6,---,chivenor
2010,4,14.4,5.0,0,27.2,---,chivenor
2010,5,15.8,7.4,0,49.4,---,chivenor
2010,6,19.9,11.1,0,20.4,---,chivenor
2010,7,20.3,14.0,0,100.2,---,chivenor
2010,8,19.4,12.8,0,105.2,---,chivenor
2010,9,18.3,11.1,0,69.4,---,chivenor
2010,10,15.4,7.8,1,89.8,---,chivenor
2010,11,10.1,4.0,6,115.6,---,chivenor
2010,12,5.4,-2.5,22,31.2,---,chivenor
2011,1,7.8,2.2,10,100.0,---,chivenor
2011,2,10.7,5.4,1,54.4,---,chivenor
2011,3,12.3,3.2,8,24.2,---,chivenor
2011,4,17.4,7.5,0,10.0,---,chivenor
2011,5,16.4,9.4,0,44.6,---,chivenor
2011,6,17.8,10.9,0,87.4,---,chivenor
2011,7,19.6,12.4,0,78.4,---,chivenor
2011,8,19.0,12.5,0,90.0,---,chivenor
2011,9,19.1,12.7,0,68.6,---,chivenor
2011,10,16.7,10.5,0,99.4,---,chivenor
2011,11,13.9,8.2,0,46.6,---,chivenor
2011,12,10.5,6.1,0,156.6,---,chivenor
2012,1,9.8,4.8,4,78.2,---,chivenor
2012,2,8.6,2.8,11,43.4,---,chivenor
2012,3,13.6,4.9,0,17.8,---,chivenor
2012,4,11.5,4.9,1,124.2,---,chivenor
2012,5,16.1,8.3,0,55.6,---,chivenor
2012,6,17.5,11.6,0,160.0,---,chivenor
2012,7,18.7,12.5,0,114.6,---,chivenor
2012,8,20.3,14.4,0,102.6,---,chivenor
2012,9,17.4,10.9,0,81.4,---,chivenor
2012,10,14.4,8.4,0,169.4,---,chivenor
2012,11,11.3,5.5,1,125.8,---,chivenor
2012,12,10.0,4.1,6,197.0,---,chivenor
2013,1,8.3,4.0,3,94.8,---,chivenor
2013,2,7.7,2.5,4,58.6,---,chivenor
2013,3,7.9,1.7,7,58.4,---,chivenor
2013,4,11.5,4.8,3,32.8,---,chivenor
2013,5,14.4,6.7,0,82.2,---,chivenor
2013,6,18.2,11.1,0,21.2,---,chivenor
2013,7,23.4,13.8,0,22.2,---,chivenor
2013,8,20.7,13.9,0,83.2,---,chivenor
2013,9,18.6,12.2,0,82.2,---,chivenor
2013,10,16.7,11.3,0,135.5,---,chivenor
2013,11,11.5,5.3,3,96.2,---,chivenor
2013,12,11.1,4.5,1,142.4,---,chivenor
2014,1,10.1,4.5,0,153.1,---,chivenor
2014,2,10.1,4.7,0,144.9,---,chivenor
2014,3,12.3,4.3,0,52.8,---,chivenor
2014,4,14.3,7.1,0,71.3,---,chivenor
2014,5,16.3,9.7,0,70.2,---,chivenor
2014,6,20.1,11.9,0,77.2,---,chivenor
2014,7,21.8,13.8,0,42.4,---,chivenor
2014,8,19.3,12.7,0,118.0,---,chivenor
2014,9,20.7,11.6,0,9.6,---,chivenor
2014,10,16.9,11.0,0,90.2,---,chivenor
2014,11,12.7,6.4,2,81.0,---,chivenor
2014,12,10.1,4.2,3,85.3,---,chivenor
2015,1,9.6,4.0,4,135.0,---,chivenor
2015,2,8.4,2.4,7,79.0,---,chivenor
2015,3,10.9,3.7,2,53.4,---,chivenor
2015,4,14.9,6.1,0,23.0,---,chivenor
2015,5,14.8,8.8,0,76.0,---,chivenor
2015,6,18.3,10.9,0,44.4,---,chivenor
2015,7,19.5,13.0,0,81.8,---,chivenor
2015,8,19.8,12.4,0,132.4,---,chivenor
2015,9,17.8,9.8,0,85.8,---,chivenor
2015,10,15.8,8.8,0,64.4,---,chivenor
2015,11,13.8,9.1,1,109.4,---,chivenor
2015,12,13.5,9.5,0,122.2,---,chivenor
2016,1,10.3,5.0,2,139.0,---,chivenor
2016,2,9.3,3.4,5,83.2,---,chivenor
2016,3,10.7,3.0,3,78.8,---,chivenor
2016,4,12.6,5.0,2,38.6,---,chivenor
2016,5,17.9,8.9,0,43.0,---,chivenor
2016,6,18.9,12.7,0,103.2,---,chivenor
2016,7,20.2,13.9,0,27.6,---,chivenor
2016,8,20.9,13.8,0,62.0,---,chivenor
2016,9,19.7,13.4,0,79.0,---,chivenor
2016,10,15.2,8.0,0,32.0,---,chivenor
2016,11,10.9,5.1,3,143.4,---,chivenor
2016,12,10.6,4.8,3,45.8,---,chivenor
2017,1,9.0,3.7,5,91.4,---,chivenor
2017,2,10.3,5.2,0,54.0,---,chivenor
2017,3,12.6,6.6,1,92.4,---,chivenor
2017,4,13.6,5.7,1,25.2,---,chivenor
2017,5,17.7,9.8,0,35.2,---,chivenor
2017,6,20.2,12.7,0,60.2,---,chivenor
2017,7,20.2,13.8,0,130.4,---,chivenor
2017,8,19.6,12.9,0,86.2,---,chivenor
2017,9,17.7,11.3,0,114.2,---,chivenor
2017,10,16.2,11.4,0,50.2,---,chivenor
2017,11,12.3,5.9,0,81.4,---,chivenor
2017,12,10.2,4.9,0,116.0,---,chivenor
2018,1,9.8,4.1,4,94.4,---,chivenor
2018,2,7.5,1.9,8,39.0,---,chivenor
2018,3,9.3,3.0,7,113.4,---,chivenor
2018,4,14.2,7.0,0,67.8,---,chivenor
2018,5,17.7,8.9,0,36.6,---,chivenor
2018,6,22.5,12.7,0,3.8,---,chivenor
2018,7,23.4,14.0,0,33.4,---,chivenor
2018,8,20.4,14.0,0,88.0,---,chivenor
2018,9,18.5,11.1,0,83.6,---,chivenor
2018,10,15.3,8.3,2,63.4,---,chivenor
2018,11,12.3,6.6,1,96.2,---,chivenor
2018,12,11.5,6.5,0,109.8,---,chivenor
2019,1,8.6,3.8,5,50.6,---,chivenor
2019,2,12.4,4.2,2,60.6,---,chivenor
2019,3,11.8,5.8,0,78.6,---,chivenor
2019,4,14.8,6.0,0,75.0,---,chivenor
2019,5,16.3,7.8,0,22.2,---,chivenor
2019,6,18.5,11.7,0,102.4,---,chivenor
2019,7,22.3,13.6,0,39.8,---,chivenor
2019,8,21.0,14.1,0,88.8,---,chivenor
2019,9,18.9,12.4,0,151.8,---,chivenor
2019,10,15.0,9.2,0,167.0,---,chivenor
2019,11,11.0,5.9,0,142.2,---,chivenor
2019,12,10.3,4.2,3,129.2,---,chivenor
2020,1,10.3,4.9,5,89.6,---,chivenor
2020,2,10.5,5.2,0,145.8,---,chivenor
2020,3,11.3,4.4,1,70.8,---,chivenor
2020,4,17.2,6.7,0,32.6,---,chivenor
2020,5,18.7,8.0,0,7.8,---,chivenor
2020,6,19.4,11.5,0,117.4,---,chivenor
2020,7,19.0,12.6,0,52.4,---,chivenor
2020,8,21.2,14.5,0,115.4,---,chivenor
2020,9,18.7,11.4,0,56.0,---,chivenor
2020,10,14.4,9.2,0,142.4,---,chivenor
2020,11,13.1,6.7,3,70.4,---,chivenor
2020,12,9.9,4.8,4,181.4,---,chivenor
2021,1,8.2,2.4,12,133.2,---,chivenor
2021,2,9.8,3.8,5,63.0,---,chivenor
2021,3,11.6,4.3,4,33.4,---,chivenor
2021,4,13.2,3.2,4,5.6,---,chivenor
2021,5,14.7,7.3,0,135.8,---,chivenor
2021,6,19.9,11.6,0,35.0,---,chivenor
2021,7,22.1,14.0,0,101.2,---,chivenor
2021,8,20.1,12.8,0,38.2,---,chivenor
2021,9,20.3,12.6,0,62.2,---,chivenor
2021,10,16.5,10.2,0,124.8,---,chivenor
2021,11,12.3,6.7,1,46.4,---,chivenor
2021,12,11.4,6.6,0,80.2,---,chivenor
2022,1,9.8,3.3,8,56.4,---,chivenor
2022,2,11.1,5.5,0,74.0,---,chivenor
2022,3,13.2,4.5,0,26.4,---,chivenor
2022,4,14.9,5.7,2,33.8,---,chivenor
2022,5,17.2,9.8,0,33.0,---,chivenor
2022,6,19.9,10.9,0,42.2,---,chivenor
2022,7,22.8,13.6,0,14.6,---,chivenor
2022,8,24.2,13.9,0,32.2,---,chivenor
2022,9,19.1,11.6,0,95.2,---,chivenor
2022,10,17.5,11.0,0,76.6,---,chivenor
2022,11,13.2,8.2,0,157.6,---,chivenor
2022,12,8.5,2.3,10,82.4,---,chivenor
2023,1,9.8,3.8,7,95.4,---,,chivenor
2023,2,10.4,3.7,7,13.0,---,,chivenor
2023,3,11.3,5.6,2,128.0,---,,chivenor
2023,4,13.6,6.2,0,66.8,---,,chivenor
2023,5,18.1,8.9,0,57.0,---,,chivenor
2023,6,22.4,12.9,0,27.4,---,,chivenor
2023,7,19.8,13.7,0,103.8,---,,chivenor
2023,8,20.1,13.9,0,65.0,---,,chivenor
2023,9,21.5,13.6,0,54.2,---,,chivenor
2023,10,17.1,10.6,0,125.0,---,,chivenor
2023,11,12.3,7.4,2,123.4,---,,chivenor
2023,12,11.5,7.1,3,145.2,---,,chivenor
2024,1,9.1,3.2,9,74.2,---,,chivenor
2024,2,11.5,6.6,1,162.4,---,,chivenor