yyyy,mm,tmax,tmin,af,rain,sun,eastbourne
degc,degc,days,mm,hours,eastbourne
1959,1,6.4,1.1,13,109.5,100.4,eastbourne
1959,2,6.6,2.0,4,0.0,73.4,eastbourne
1959,3,10.4,5.1,0,43.0,128.4,eastbourne
1959,4,12.7,7.3,0,62.5,163.5,eastbourne
1959,5,16.8,9.3,0,12.5,250.1,eastbourne
1959,6,18.9,11.9,0,23.2,296.0,eastbourne
1959,7,21.6,14.2,0,39.8,333.0,eastbourne
1959,8,21.8,14.8,0,25.7,246.4,eastbourne
1959,9,20.8,12.8,0,6.6,265.8,eastbourne
1959,10,16.8,10.7,0,106.8,171.7,eastbourne
1959,11,11.7,6.2,0,151.5,72.0,eastbourne
1959,12,10.0,5.1,1,196.7,32.2,eastbourne
1960,1,7.4,2.6,6,82.0,54.1,eastbourne
1960,2,7.8,2.7,6,52.6,103.0,eastbourne
1960,3,9.0,5.0,1,80.5,100.5,eastbourne
1960,4,12.7,5.9,0,35.7,185.9,eastbourne
1960,5,16.2,9.7,0,70.4,204.4,eastbourne
1960,6,18.9,12.4,0,59.1,257.3,eastbourne
1960,7,18.4,13.4,0,60.2,195.3,eastbourne
1960,8,19.4,13.4,0,148.8,225.7,eastbourne
1960,9,17.6,11.9,0,66.5,158.0,eastbourne
1960,10,14.3,9.9,0,179.5,122.1,eastbourne
1960,11,11.8,7.1,0,218.8,76.9,eastbourne
1960,12,7.6,3.5,1,125.3,46.9,eastbourne
1961,1,7.3,3.1,3,147.5,65.0,eastbourne
1961,2,9.4,5.6,0,66.7,85.9,eastbourne
1961,3,11.4,4.4,0,6.3,190.8,eastbourne
1961,4,13.1,8.6,0,60.8,134.3,eastbourne
1961,5,15.4,8.6,0,32.0,282.3,eastbourne
1961,6,18.4,11.6,0,32.7,299.1,eastbourne
1961,7,19.5,12.9,0,69.1,248.1,eastbourne
1961,8,19.8,14.0,0,17.2,211.9,eastbourne
1961,9,19.3,13.5,0,64.5,159.4,eastbourne
1961,10,15.5,10.1,0,111.8,153.4,eastbourne
1961,11,10.1,6.0,1,100.6,69.3,eastbourne
1961,12,7.6,2.7,12,104.1,78.8,eastbourne
1962,1,7.8,3.5,6,89.7,73.9,eastbourne
1962,2,7.3,2.4,4,18.6,87.2,eastbourne
1962,3,6.4,1.0,11,50.0,149.2,eastbourne
1962,4,10.7,5.3,0,48.6,153.3,eastbourne
1962,5,12.7,7.5,0,41.8,182.3,eastbourne
1962,6,16.7,9.7,0,12.8,290.1,eastbourne
1962,7,18.1,12.9,0,53.1,197.6,eastbourne
1962,8,18.4,13.1,0,105.5,223.9,eastbourne
1962,9,17.1,11.4,0,64.7,182.3,eastbourne
1962,10,15.3,9.4,0,51.8,151.8,eastbourne
1962,11,9.4,5.2,2,69.8,37.1,eastbourne
1962,12,6.3,1.0,14,97.9,116.5,eastbourne
1963,1,1.0,-2.8,26,12.5,72.8,eastbourne
1963,2,2.0,-1.3,18,19.5,94.2,eastbourne
1963,3,7.9,3.4,3,74.0,135.0,eastbourne
1963,4,10.8,5.4,0,89.9,152.7,eastbourne
1963,5,13.8,7.8,0,42.0,239.5,eastbourne
1963,6,17.4,12.0,0,87.2,221.3,eastbourne
1963,7,18.6,12.9,0,43.4,287.4,eastbourne
1963,8,18.1,13.0,0,103.7,185.7,eastbourne
1963,9,17.1,11.9,0,88.3,124.2,eastbourne
1963,10,14.4,9.9,0,67.1,80.7,eastbourne
1963,11,12.3,8.3,0,209.6,69.6,eastbourne
1963,12,5.7,1.4,11,20.4,58.7,eastbourne
1964,1,6.0,2.2,6,33.7,37.0,eastbourne
1964,2,6.8,3.3,3,37.6,73.9,eastbourne
1964,3,6.7,2.9,3,124.3,74.3,eastbourne
1964,4,10.7,5.8,1,76.1,169.5,eastbourne
1964,5,15.9,10.1,0,83.7,232.4,eastbourne
1964,6,17.3,11.9,0,85.3,223.9,eastbourne
1964,7,19.8,14.2,0,34.9,244.0,eastbourne
1964,8,20.2,14.1,0,43.7,224.1,eastbourne
1964,9,19.0,12.6,0,34.4,233.9,eastbourne
1964,10,13.5,6.9,0,100.6,152.6,eastbourne
1964,11,11.2,6.8,2,104.0,65.9,eastbourne
1964,12,7.5,2.5,7,76.0,42.7,eastbourne
1965,1,6.7,2.9,3,91.0,77.5,eastbourne
1965,2,5.8,1.6,4,9.7,59.7,eastbourne
1965,3,8.6,3.2,6,74.7,145.5,eastbourne
1965,4,11.6,5.4,0,37.0,160.0,eastbourne
1965,5,14.5,8.7,0,46.2,213.5,eastbourne
1965,6,16.9,11.0,0,66.9,213.7,eastbourne
1965,7,17.7,12.6,0,101.5,156.9,eastbourne
1965,8,19.0,13.5,0,75.7,220.8,eastbourne
1965,9,16.8,10.6,0,137.5,168.7,eastbourne
1965,10,15.3,9.9,0,14.4,165.0,eastbourne
1965,11,9.6,4.0,4,72.5,90.8,eastbourne
1965,12,9.3,4.0,4,140.1,63.5,eastbourne
1966,1,5.7,2.5,9,59.6,35.3,eastbourne
1966,2,8.9,5.5,0,105.7,35.8,eastbourne
1966,3,10.2,4.4,0,20.5,149.0,eastbourne
1966,4,11.3,6.5,0,98.8,121.4,eastbourne
1966,5,15.1,8.6,0,37.6,231.9,eastbourne
1966,6,18.9,12.5,0,52.7,260.6,eastbourne
1966,7,18.9,13.2,0,73.4,203.0,eastbourne
1966,8,19.3,12.8,0,70.3,244.8,eastbourne
1966,9,18.5,12.4,0,31.6,205.9,eastbourne
1966,10,15.0,10.3,0,198.9,100.5,eastbourne
1966,11,9.6,4.5,1,73.3,56.3,eastbourne
1966,12,9.5,4.4,1,103.1,41.3,eastbourne
1967,1,7.3,3.6,5,59.5,78.4,eastbourne
1967,2,8.8,4.1,2,65.2,93.9,eastbourne
1967,3,10.8,5.6,0,40.0,184.7,eastbourne
1967,4,11.8,5.0,0,62.4,195.1,eastbourne
1967,5,14.7,8.9,0,67.7,221.0,eastbourne
1967,6,17.6,11.0,0,58.1,266.2,eastbourne
1967,7,20.6,14.3,0,11.6,308.8,eastbourne
1967,8,19.6,13.8,0,99.2,232.9,eastbourne
1967,9,17.8,12.6,0,102.6,149.9,eastbourne
1967,10,15.1,10.9,0,145.9,124.6,eastbourne
1967,11,10.0,4.5,0,84.5,89.2,eastbourne
1967,12,7.4,2.8,7,90.5,65.6,eastbourne
1968,1,7.0,2.4,9,82.6,55.9,eastbourne
1968,2,6.0,1.6,6,67.3,92.5,eastbourne
1968,3,9.5,4.6,1,21.4,162.7,eastbourne
1968,4,11.5,5.0,2,71.4,204.2,eastbourne
1968,5,13.5,8.0,0,53.6,219.8,eastbourne
1968,6,17.4,11.6,0,43.4,214.0,eastbourne
1968,7,19.0,12.7,0,51.0,206.7,eastbourne
1968,8,19.5,13.8,0,58.8,149.4,eastbourne
1968,9,17.9,12.8,0,117.3,174.1,eastbourne
1968,10,16.0,12.1,0,92.2,85.0,eastbourne
1968,11,9.9,6.0,1,23.0,54.5,eastbourne
1968,12,6.2,2.4,9,49.3,44.7,eastbourne
1969,1,9.0,5.0,2,75.0,45.9,eastbourne
1969,2,5.3,0.3,15,51.6,93.2,eastbourne
1969,3,7.8,2.6,5,61.9,80.0,eastbourne
1969,4,11.8,4.9,0,39.3,228.6,eastbourne
1969,5,14.3,8.8,0,65.8,232.7,eastbourne
1969,6,18.3,11.2,0,34.7,292.6,eastbourne
1969,7,21.3,14.3,0,75.0,265.6,eastbourne
1969,8,20.2,14.1,0,85.5,209.0,eastbourne
1969,9,18.9,12.9,0,7.1,163.0,eastbourne
1969,10,16.8,11.2,0,2.3,150.0,eastbourne
1969,11,10.7,5.2,4,176.6,86.4,eastbourne
1969,12,6.8,2.4,9,91.1,26.4,eastbourne
1970,1,7.5,3.6,7,119.9,51.0,eastbourne
1970,2,7.3,2.3,8,73.8,130.7,eastbourne
1970,3,7.8,1.9,10,45.7,140.6,eastbourne
1970,4,9.7,4.3,3,76.0,138.8,eastbourne
1970,5,15.8,9.4,0,34.0,242.3,eastbourne
1970,6,19.5,12.6,0,18.1,309.5,eastbourne
1970,7,18.4,12.7,0,59.5,232.9,eastbourne
1970,8,19.9,13.6,0,68.7,222.0,eastbourne
1970,9,18.4,12.4,0,113.8,195.3,eastbourne
1970,10,15.1,9.6,0,28.1,128.5,eastbourne
1970,11,12.1,7.0,1,209.9,68.1,eastbourne
1970,12,7.3,3.2,7,58.1*,58.0,eastbourne
1971,1,7.8,3.9,6,89.9,56.7,eastbourne
1971,2,8.3,3.4,0,25.5,93.5,eastbourne
1971,3,8.3,3.0,6,57.0,150.4,eastbourne
1971,4,10.8,5.4,0,34.2,158.8,eastbourne
1971,5,15.3,8.9,0,59.5,268.9,eastbourne
1971,6,16.9,10.9,0,181.6,208.5,eastbourne
1971,7,20.8,13.9,0,38.5,286.4,eastbourne
1971,8,19.4,14.6,0,69.8,173.3,eastbourne
1971,9,18.7,11.7,0,15.3,205.8,eastbourne
1971,10,16.1,10.1,0,47.3,167.7,eastbourne
1971,11,10.5,4.4,0,48.9,116.2,eastbourne
1971,12,9.3,5.2,2,22.7,39.0,eastbourne
1972,1,6.9,3.0,3,66.7,38.2,eastbourne
1972,2,7.7,4.1,1,52.1,51.5,eastbourne
1972,3,10.3,4.7,0,45.4,180.5,eastbourne
1972,4,11.9,6.6,0,65.5,158.1,eastbourne
1972,5,14.2,8.8,0,35.5,216.2,eastbourne
1972,6,15.3,10.1,0,63.8,218.0,eastbourne
1972,7,19.3,13.4,0,25.5,203.2,eastbourne
1972,8,19.4,13.1,0,21.6,229.3,eastbourne
1972,9,16.9,10.3,0,31.7,156.8,eastbourne
1972,10,14.5,9.5,0,23.2,124.9,eastbourne
1972,11,10.4,5.6,0,83.4,83.6,eastbourne
1972,12,9.8,5.8,0,78.6,66.0,eastbourne
1973,1,7.8,3.8,1,48.2,38.2,eastbourne
1973,2,7.7,2.7,5,42.3,87.1,eastbourne
1973,3,10.0,3.6,1,19.5,183.0,eastbourne
1973,4,11.0,5.2,0,47.9,141.5,eastbourne
1973,5,14.1,9.1,0,84.5,212.4,eastbourne
1973,6,18.9,12.2,0,35.7,301.4,eastbourne
1973,7,19.6,13.6,0,36.0,234.4,eastbourne
1973,8,21.4,15.0,0,17.6,240.4,eastbourne
1973,9,18.6,12.5,0,89.6,178.2,eastbourne
1973,10,14.0,7.8,0,43.7,132.3,eastbourne
1973,11,10.6,5.1,6,44.5,100.7,eastbourne
1973,12,8.7,4.2,5,48.2,69.2,eastbourne
1974,1,9.5,5.8,0,95.6,49.9,eastbourne
1974,2,8.7,4.4,1,103.0,66.5,eastbourne
1974,3,9.7,4.0,3,28.7,137.5,eastbourne
1974,4,12.7,6.0,0,15.1,203.0,eastbourne
1974,5,15.2,8.6,0,19.9,272.3,eastbourne
1974,6,17.8,11.7,0,47.7,263.0,eastbourne
1974,7,18.8,13.5,0,56.2,223.2,eastbourne
1974,8,19.6,13.6,0,85.5,255.1,eastbourne
1974,9,16.8,11.3,0,193.3,183.6,eastbourne
1974,10,11.5,5.7,0,140.5,111.2,eastbourne
1974,11,11.3,6.4,0,169.0,63.8,eastbourne
1974,12,10.6,6.9,0,68.5,57.6,eastbourne
1975,1,10.2,6.2,0,130.7,41.3,eastbourne
1975,2,8.6,3.6,0,33.4,106.0,eastbourne
1975,3,8.2,3.5,4,106.2,73.0,eastbourne
1975,4,11.1,5.3,1,46.8,172.6,eastbourne
1975,5,13.5,7.8,0,55.6,187.5,eastbourne
1975,6,19.5,11.2,0,19.2,330.0,eastbourne
1975,7,20.0,14.4,0,37.2,236.4,eastbourne
1975,8,22.3,15.5,0,52.0,274.3,eastbourne
1975,9,18.5,12.3,0,159.9,162.5,eastbourne
1975,10,14.2,9.0,0,35.4,111.7,eastbourne
1975,11,10.8,5.2,1,112.1,71.0,eastbourne
1975,12,7.7,3.2,8,29.4,63.0,eastbourne
1976,1,8.3,4.6,4,24.8,67.6,eastbourne
1976,2,7.1,2.8,4,43.5,44.3,eastbourne
1976,3,7.9,3.0,5,19.7,138.5,eastbourne
1976,4,12.1,4.9,0,15.3,243.7,eastbourne
1976,5,16.2,9.9,0,9.0,271.1,eastbourne
1976,6,20.9,13.5,0,5.2,323.0,eastbourne
1976,7,22.8,15.8,0,15.3,326.4,eastbourne
1976,8,22.6,14.3,0,4.8,331.7,eastbourne
1976,9,18.1,11.9,0,142.6,156.3,eastbourne
1976,10,15.2,11.0,0,161.4,75.3,eastbourne
1976,11,10.8,6.4,0,189.4,46.6,eastbourne
1976,12,6.8,2.0,7,80.1,77.2,eastbourne
1977,1,6.8,2.9,7,86.9,73.5,eastbourne
1977,2,9.1,4.9,1,81.6,95.1,eastbourne
1977,3,10.4,5.6,1,60.1,133.1,eastbourne
1977,4,10.9,5.1,1,29.7,192.1,eastbourne
1977,5,15.1,8.3,0,48.5,231.2,eastbourne
1977,6,16.8,10.9,0,35.3,168.4,eastbourne
1977,7,19.9,13.6,0,22.3,227.9,eastbourne
1977,8,19.2,13.4,0,73.5,192.9,eastbourne
1977,9,17.2,11.7,0,23.2,143.2,eastbourne
1977,10,15.9,11.0,0,41.6,137.2,eastbourne
1977,11,10.7,6.3,0,114.5,95.4,eastbourne
1977,12,9.6,6.1,0,75.2,42.3,eastbourne
1978,1,7.4,2.5,6,109.4,65.7,eastbourne
1978,2,5.9,1.9,10,51.2,60.8,eastbourne
1978,3,9.7,4.7,1,52.0,126.6,eastbourne
1978,4,10.0,4.7,1,51.6,155.3,eastbourne
1978,5,15.4,8.7,0,32.2,213.9,eastbourne
1978,6,17.5,11.8,0,40.1,244.5,eastbourne
1978,7,18.3,13.4,0,103.8,168.6,eastbourne
1978,8,18.8,13.2,0,14.6,219.4,eastbourne
1978,9,18.5,12.6,0,12.9,184.8,eastbourne
1978,10,15.9,10.4,0,4.0,137.8,eastbourne
1978,11,12.4,8.0,4,10.3,94.3,eastbourne
1978,12,8.9,4.7,5,185.7,31.7,eastbourne
1979,1,4.8,-0.2,13,77.4,71.5,eastbourne
1979,2,5.0,0.8,8,90.6,61.5,eastbourne
1979,3,8.3,3.5,0,96.0,132.3,eastbourne
1979,4,11.4,5.8,0,54.2,149.7,eastbourne
1979,5,14.0,8.0,0,79.5,253.2,eastbourne
1979,6,17.1,11.6,0,35.6,175.7,eastbourne
1979,7,20.0,13.7,0,29.5,239.9,eastbourne
1979,8,19.0,13.0,0,75.8,220.4,eastbourne
1979,9,17.8,11.6,0,21.8,198.1,eastbourne
1979,10,15.7,10.4,0,69.6,123.4,eastbourne
1979,11,11.5,5.7,0,75.5,95.8,eastbourne
1979,12,9.5,5.8,2,118.3,58.0,eastbourne
1980,1,6.3,1.9,8,67.0,65.7,eastbourne
1980,2,9.0,5.1,0,85.7,59.0,eastbourne
1980,3,8.7,4.0,2,102.9,93.8,eastbourne
1980,4,12.6,6.3,0,10.3,193.4,eastbourne
1980,5,15.6,8.5,0,44.5,270.5,eastbourne
1980,6,17.1,11.4,0,107.4,250.0,eastbourne
1980,7,18.0,12.8,0,155.7,194.9,eastbourne
1980,8,19.7,14.3,0,100.4,202.4,eastbourne
1980,9,18.6,13.8,0,48.6,157.8,eastbourne
1980,10,14.2,8.3,0,122.2,131.0,eastbourne
1980,11,9.5,5.5,1,56.4,68.9,eastbourne
1980,12,8.7,4.1,6,51.3,74.2,eastbourne
1981,1,8.2,3.2,5,35.8,78.7,eastbourne
1981,2,6.5,1.5,9,23.8,90.2,eastbourne
1981,3,10.6,6.7,0,132.7,75.3,eastbourne
1981,4,11.5,5.0,0,44.4,149.9,eastbourne
1981,5,14.5,8.4,0,109.5,157.0,eastbourne
1981,6,16.1,10.2,0,49.0,179.2,eastbourne
1981,7,19.1,13.0,0,25.4,172.9,eastbourne
1981,8,20.9,14.1,0,21.8,236.1,eastbourne
1981,9,18.9,13.3,0,127.2,174.8,eastbourne
1981,10,13.0,8.1,0,167.9,110.7,eastbourne
1981,11,11.7,7.0,0,45.1,64.2,eastbourne
1981,12,6.3,1.4,13,83.1,52.4,eastbourne
1982,1,7.0,2.7,8,43.9,72.1,eastbourne
1982,2,7.8,3.9,2,38.1,77.2,eastbourne
1982,3,9.8,4.2,1,58.7,182.0,eastbourne
1982,4,12.6,5.8,0,18.1,216.5,eastbourne
1982,5,15.4,9.3,0,41.1,252.8,eastbourne
1982,6,18.8,13.8,0,52.0,254.1,eastbourne
1982,7,21.4,14.6,0,16.3,238.0,eastbourne
1982,8,20.2,14.6,0,39.7,220.7,eastbourne
1982,9,19.3,13.0,0,122.6,170.4,eastbourne
1982,10,14.4,9.5,0,175.8,71.3,eastbourne
1982,11,12.2,8.0,1,129.7,70.8,eastbourne
1982,12,8.7,3.4,3,117.9,51.7,eastbourne
1983,1,9.8,5.8,1,77.7,59.4,eastbourne
1983,2,5.4,1.3,7,48.0,100.0,eastbourne
1983,3,9.4,4.2,0,54.8,119.6,eastbourne
1983,4,10.9,5.3,0,104.9,173.5,eastbourne
1983,5,13.6,8.6,0,94.2,191.4,eastbourne
1983,6,18.4,12.6,0,19.9,230.8,eastbourne
1983,7,22.9,15.6,0,17.6,282.0,eastbourne
1983,8,22.1,15.1,0,11.4*,269.0,eastbourne
1983,9,18.1,12.9,0,83.6*,139.3,eastbourne
1983,10,15.2,10.0,0,69.6*,139.2,eastbourne
1983,11,11.2,6.9,1,50.1*,67.1,eastbourne
1983,12,9.6,5.2,4,93.3*,70.9,eastbourne
1984,1,8.5,3.9,0,151.8,85.1,eastbourne
1984,2,7.2,3.2,0,42.4,74.9,eastbourne
1984,3,8.4,3.1,0,81.0,85.5,eastbourne
1984,4,11.9,4.9,0,2.5,253.8,eastbourne
1984,5,13.4,7.7,0,65.2,139.1,eastbourne
1984,6,18.2,11.3,0,34.5,279.2,eastbourne
1984,7,19.9,13.6,0,40.6,256.5,eastbourne
1984,8,20.8,14.8,0,25.5,190.2,eastbourne
1984,9,17.7,12.5,0,84.8,126.4,eastbourne
1984,10,15.4,10.2,0,103.3,116.0,eastbourne
1984,11,12.9,8.3,0,138.6,69.7,eastbourne
1984,12,10.0,5.2,0,137.7,55.9,eastbourne
1985,1,4.1,-0.9,17,64.2,60.7,eastbourne
1985,2,5.2,0.9,11,36.2,84.8,eastbourne
1985,3,8.1,2.5,7,58.6,125.9,eastbourne
1985,4,12.1,6.2,0,37.7,179.8,eastbourne
1985,5,15.5,9.3,0,49.8,213.9,eastbourne
1985,6,17.3,11.2,0,48.1,214.3,eastbourne
1985,7,19.9,14.2,0,38.8,283.8,eastbourne
1985,8,18.6,13.7,0,85.2,231.5,eastbourne
1985,9,18.4,12.5,0,22.9,173.3,eastbourne
1985,10,15.4,10.1,0,30.8,150.3,eastbourne
1985,11,8.9,3.1,8,82.5,99.7,eastbourne
1985,12,10.2,6.9,4,94.8,47.4,eastbourne
1986,1,7.6,2.9,5,146.8,67.2,eastbourne
1986,2,2.0,-1.7,23,15.9,56.4,eastbourne
1986,3,7.5,2.3,7,89.1,122.8,eastbourne
1986,4,9.7,4.3,1,53.2,171.2,eastbourne
1986,5,13.7,8.7,0,36.6,230.7,eastbourne
1986,6,18.7,12.3,0,28.0,258.2,eastbourne
1986,7,19.8,14.1,0,15.6,232.7,eastbourne
1986,8,18.3,12.7,0,43.9,201.0,eastbourne
1986,9,16.1,9.7,0,45.4,170.4,eastbourne
1986,10,15.3,10.4,0,100.7,125.3,eastbourne
1986,11,12.2,7.1,0,129.8,88.6,eastbourne
1986,12,9.9,4.8,1,107.6,79.4,eastbourne
1987,1,3.4,-0.4,17,21.1,56.7,eastbourne
1987,2,6.7,2.1,7,52.7,86.3,eastbourne
1987,3,7.6,2.3,6,96.5,119.3,eastbourne
1987,4,12.9,7.3,0,50.5,209.3,eastbourne
1987,5,14.4,7.7,0,49.0,234.0,eastbourne
1987,6,16.6,11.3,0,64.9,200.9,eastbourne
1987,7,19.7,14.1,0,82.1,232.8,eastbourne
1987,8,20.0,13.8,0,71.4,226.3,eastbourne
1987,9,18.3,12.9,0,44.0,158.7,eastbourne
1987,10,14.8,10.1,0,246.9,111.5,eastbourne
1987,11,10.5,5.8,1,96.6,71.0,eastbourne
1987,12,8.7,4.9,4,33.3,39.0,eastbourne
1988,1,9.1,4.9,1,194.9,72.2,eastbourne
1988,2,8.4,3.2,2,57.7,138.3,eastbourne
1988,3,9.9,4.9,3,98.0,102.5,eastbourne
1988,4,11.6,5.8,1,34.2,191.1,eastbourne
1988,5,15.9,10.2,0,35.8,234.4,eastbourne
1988,6,17.6,11.9,0,16.2,168.6,eastbourne
1988,7,18.1,13.7,0,63.6,223.5,eastbourne
1988,8,19.2,13.8,0,46.5,223.7,eastbourne
1988,9,17.7,12.5,0,59.3,146.8,eastbourne
1988,10,15.1,10.7,0,96.2,122.4,eastbourne
1988,11,10.2,5.1,1,30.0,112.8,eastbourne
1988,12,10.3,6.6,0,29.9,44.7,eastbourne
1989,1,9.6,5.4,1,34.1,93.3,eastbourne
1989,2,9.6,4.9,0,55.4,87.4,eastbourne
1989,3,11.2,6.4,1,67.7,109.8,eastbourne
1989,4,10.7,5.3,0,64.5,163.8,eastbourne
1989,5,17.4,10.7,0,3.2,330.8,eastbourne
1989,6,18.9,12.1,0,61.4,308.4,eastbourne
1989,7,22.2,15.5,0,21.3,287.2,eastbourne
1989,8,21.6,14.7,0,18.3,282.8,eastbourne
1989,9,19.8,13.7,0,41.4,159.4,eastbourne
1989,10,16.7,11.5,0,92.8,125.0,eastbourne
1989,11,11.3,5.9,2,69.5,116.3,eastbourne
1989,12,9.7,5.4,3,135.6,29.9,eastbourne
1990,1,10.2,6.3,0,111.5,50.2,eastbourne
1990,2,11.0,7.1,0,111.6,107.0,eastbourne
1990,3,11.7,6.8,0,7.2,161.1,eastbourne
1990,4,13.1,6.0,0,60.9,268.7,eastbourne
1990,5,17.6,10.3,0,7.2,323.2,eastbourne
1990,6,17.1,11.8,0,43.2,174.6,eastbourne
1990,7,20.3,13.9,0,5.0,289.0,eastbourne
1990,8,22.3,15.8,0,35.5,293.3,eastbourne
1990,9,18.5,11.5,0,37.2,193.0,eastbourne
1990,10,16.0,11.5,0,127.2,126.6,eastbourne
1990,11,10.8,7.1,0,83.5,95.1,eastbourne
1990,12,7.9,4.4,1,69.9,53.6,eastbourne
1991,1,7.7,4.4,0,99.0,64.7,eastbourne
1991,2,4.8,0.3,15,40.8,77.1,eastbourne
1991,3,10.7,5.8,0,55.1,118.4,eastbourne
1991,4,12.0,5.7,1,43.1,195.8,eastbourne
1991,5,14.2,7.7,0,16.0,161.6,eastbourne
1991,6,15.2,10.5,0,139.3,150.1,eastbourne
1991,7,19.7,14.4,0,131.6,232.8,eastbourne
1991,8,21.1,15.1,0,7.6,300.1,eastbourne
1991,9,19.5,13.2,0,39.7,200.3,eastbourne
1991,10,14.5,9.3,0,43.1,116.9,eastbourne
1991,11,10.8,5.9,0,138.9,68.2,eastbourne
1991,12,8.8,4.3,2,28.1,55.5,eastbourne
1992,1,7.1,3.2,6,24.7,59.0,eastbourne
1992,2,8.7,4.0,5,30.4,84.4,eastbourne
1992,3,10.5,6.2,0,59.7,70.5,eastbourne
1992,4,12.4,7.0,0,91.5,166.0,eastbourne
1992,5,17.7,10.9,0,19.8,293.0,eastbourne
1992,6,19.4,12.5,0,8.0,259.3,eastbourne
1992,7,20.2,14.6,0,88.7,213.2,eastbourne
1992,8,19.6,15.0,0,109.3,176.1,eastbourne
1992,9,17.6,13.0,0,72.5,158.5,eastbourne
1992,10,13.1,7.4,0,116.4,132.5,eastbourne
1992,11,12.4,7.2,0,138.2,73.2,eastbourne
1992,12,8.2,4.0,3,52.6,52.5,eastbourne
1993,1,10.1,5.5,3,93.4,50.2,eastbourne
1993,2,7.4,3.4,1,6.2,65.9,eastbourne
1993,3,9.7,4.3,1,23.9,147.8,eastbourne
1993,4,13.0,7.9,0,105.1,168.7,eastbourne
1993,5,16.0,10.3,0,34.9,217.1,eastbourne
1993,6,18.7,13.0,0,75.8,269.2,eastbourne
1993,7,18.9,13.8,0,68.9,199.2,eastbourne
1993,8,19.4,13.3,0,37.7,254.8,eastbourne
1993,9,17.2,11.2,0,107.5,135.4,eastbourne
1993,10,13.2,8.4,0,89.8,117.4,eastbourne
1993,11,8.9,4.1,3,59.9,81.3,eastbourne
1993,12,9.7,5.4,1,180.7,56.2,eastbourne
1994,1,9.1,5.0,0,110.2,74.6,eastbourne
1994,2,7.5,2.9,4,46.1,67.7,eastbourne
1994,3,10.9,6.1,0,65.5,131.9,eastbourne
1994,4,11.7,5.7,0,86.3,201.3,eastbourne
1994,5,14.0,8.9,0,90.9,194.8,eastbourne
1994,6,17.8,12.1,0,46.5,276.9,eastbourne
1994,7,22.0,16.0,0,63.7,286.3,eastbourne
1994,8,20.6,15.2,0,47.4,212.1,eastbourne
1994,9,17.2,12.3,0,106.2,143.9,eastbourne
1994,10,14.7,9.3,0,120.2,147.3,eastbourne
1994,11,13.5,10.7,0,60.3,47.4,eastbourne
1994,12,10.9,6.1,2,132.0,64.6,eastbourne
1995,1,8.6,3.5,3,148.1,68.5,eastbourne
1995,2,10.3,6.1,0,107.4,86.6,eastbourne
1995,3,10.0,3.8,1,63.4,198.5,eastbourne
1995,4,13.1,7.1,0,14.8,187.2,eastbourne
1995,5,16.5,9.4,0,14.9,269.9,eastbourne
1995,6,18.5,11.9,0,25.6,223.5,eastbourne
1995,7,22.0,15.8,0,32.0,268.8,eastbourne
1995,8,23.5,16.3,0,0.7,291.4,eastbourne
1995,9,18.3,12.1,0,103.6,183.8,eastbourne
1995,10,17.3,12.2,0,30.3,150.2,eastbourne
1995,11,12.1,7.6,0,28.8,89.5,eastbourne
1995,12,6.6,2.4,6,81.8,50.5,eastbourne
1996,1,7.4,4.0,7,57.5,45.3,eastbourne
1996,2,6.7,1.5,9,37.9,105.5,eastbourne
1996,3,7.8,2.9,3,43.2,89.3,eastbourne
1996,4,12.0,6.1,1,18.9,199.2,eastbourne
1996,5,13.0,7.0,0,70.3,193.0,eastbourne
1996,6,18.4,11.7,0,22.5,282.5,eastbourne
1996,7,19.8,13.7,0,29.2,279.3,eastbourne
1996,8,20.4,14.2,0,89.9,256.0,eastbourne
1996,9,17.7,11.7,0,32.0,180.9,eastbourne
1996,10,15.5,10.3,0,53.1,138.4,eastbourne
1996,11,10.7,4.6,2,148.8,115.2,eastbourne
1996,12,6.3,2.9,7,38.9,44.8,eastbourne
1997,1,4.7,0.5,14,16.1,57.7,eastbourne
1997,2,9.3,5.1,1,70.3,63.8,eastbourne
1997,3,11.5,6.1,0,16.3,140.7,eastbourne
1997,4,13.0,5.9,0,12.4,239.1,eastbourne
1997,5,15.7,8.8,0,42.8,275.2,eastbourne
1997,6,18.0,12.3,0,150.2,179.0,eastbourne
1997,7,20.3,14.2,0,19.9,286.1,eastbourne
1997,8,22.6,16.8,0,122.4,216.8,eastbourne
1997,9,19.1,12.6,0,2.0,227.4,eastbourne
1997,10,15.4,9.2,0,106.1,171.7,eastbourne
1997,11,12.7,8.2,0,166.6,58.6,eastbourne
1997,12,9.7,5.4,1,95.8,52.8,eastbourne
1998,1,8.9,4.4,4,106.1,82.3,eastbourne
1998,2,9.9,4.3,3,11.4,110.2,eastbourne
1998,3,11.3,6.9,0,59.0,90.3,eastbourne
1998,4,12.0,6.9,0,86.0,160.8,eastbourne
1998,5,17.8,10.9,0,8.9,272.4,eastbourne
1998,6,17.4,12.8,0,88.6,181.1,eastbourne
1998,7,18.9,14.0,0,56.5,215.2,eastbourne
1998,8,21.0,14.0,0,30.0,293.4,eastbourne
1998,9,18.8,13.6,0,102.8,180.1,eastbourne
1998,10,14.8,9.6,0,167.3,89.9,eastbourne
1998,11,10.0,5.1,1,47.6,113.3,eastbourne
1998,12,9.5,4.9,5,95.7,48.3,eastbourne
1999,1,9.5,5.3,2,82.6,83.4,eastbourne
1999,2,8.2,3.6,5,43.8,105.0,eastbourne
1999,3,10.9,5.3,0,39.0,144.5,eastbourne
1999,4,12.9,7.4,0,49.8,185.7,eastbourne
1999,5,16.6,10.9,0,25.2,238.5,eastbourne
1999,6,18.3,12.2,0,66.8,258.6,eastbourne
1999,7,22.1,15.4,0,12.4,297.7,eastbourne
1999,8,20.8,14.7,0,84.2,227.8,eastbourne
1999,9,19.8,14.6,0,134.7,162.9,eastbourne
1999,10,15.3,9.6,0,77.7,152.8,eastbourne
1999,11,11.3,6.9,0,31.0,99.7,eastbourne
1999,12,9.2,4.3,3,172.6,83.2,eastbourne
2000,1,8.3,3.1,7,27.0,94.4,eastbourne
2000,2,9.7,5.0,0,67.1,107.9,eastbourne
2000,3,11.0,4.9,0,24.3,138.3,eastbourne
2000,4,12.0,5.2,0,92.6,173.5,eastbourne
2000,5,16.3,9.6,0,95.2,228.3,eastbourne
2000,6,18.2,12.0,0,13.6,196.6,eastbourne
2000,7,19.4,12.8,0,50.0,193.3,eastbourne
2000,8,21.2,14.3,0,21.7,249.8,eastbourne
2000,9,19.3,13.5,0,120.8,142.5,eastbourne
2000,10,15.2,9.4,0,261.1,98.8,eastbourne
2000,11,11.4,6.4,0,198.2,77.7,eastbourne
2000,12,9.5,5.7,4,90.7,44.8,eastbourne
2001,1,7.6,2.9,6,127.8,97.9,eastbourne
2001,2,8.8,3.1,4,97.3,87.0,eastbourne
2001,3,9.2,4.3,3,144.5,72.3,eastbourne
2001,4,12.0,6.1,0,79.0,163.4,eastbourne
2001,5,16.7,9.7,0,39.5,246.3,eastbourne
2001,6,18.4,12.1,0,9.9,289.1,eastbourne
2001,7,21.2,14.8,0,72.6,279.5,eastbourne
2001,8,21.1,15.2,0,63.8,225.6,eastbourne
2001,9,18.2,11.6,0,70.8,161.8,eastbourne
2001,10,17.4,12.9,0,129.8,124.3,eastbourne
2001,11,11.9,5.6,0,58.7,111.5,eastbourne
2001,12,8.0,2.8,6,31.8,94.1,eastbourne
2002,1,9.3,5.0,2,88.3,60.7,eastbourne
2002,2,10.9,5.8,0,109.4,100.9,eastbourne
2002,3,11.5,6.0,0,40.6,144.3,eastbourne
2002,4,13.6,6.8,0,23.2,222.6,eastbourne
2002,5,15.6,10.2,0,77.3,239.4,eastbourne
2002,6,17.9,12.5,0,66.0,220.9,eastbourne
2002,7,20.1,14.3,0,106.3,233.7,eastbourne
2002,8,21.6,15.1,0,33.7,224.8,eastbourne
2002,9,19.7,12.7,0,70.6,205.5,eastbourne
2002,10,15.5,9.3,0,65.0,106.4,eastbourne
2002,11,13.2,9.0,0,165.9,77.0,eastbourne
2002,12,9.5,6.2,0,171.7,32.2,eastbourne
2003,1,8.0,3.4,10,67.4,106.1,eastbourne
2003,2,7.4,2.6,5,29.4,103.1,eastbourne
2003,3,11.3,5.7,0,30.4,164.2,eastbourne
2003,4,13.4,6.7,0,27.2,208.0,eastbourne
2003,5,15.9,10.2,0,50.2,234.8,eastbourne
2003,6,19.8,13.8,0,41.6,256.0,eastbourne
2003,7,21.2,15.6,0,59.6,286.9,eastbourne
2003,8,22.9,16.0,0,28.5,276.2,eastbourne
2003,9,19.9,11.6,0,15.8,237.3,eastbourne
2003,10,14.4,8.0,0,60.7,148.4,eastbourne
2003,11,12.7,7.9,0,141.1,76.8,eastbourne
2003,12,9.5,4.9,2,86.4,63.7,eastbourne
2004,1,9.0,4.8,4,105.8,72.2,eastbourne
2004,2,8.8,4.2,5,22.7,88.0,eastbourne
2004,3,10.1,4.7,2,28.6,130.2,eastbourne
2004,4,13.1,6.8,0,70.4,198.8,eastbourne
2004,5,16.1,9.8,0,40.4,254.4,eastbourne
2004,6,19.7,13.1,0,26.1,268.8,eastbourne
2004,7,19.8,14.3,0,37.2,235.3,eastbourne
2004,8,21.4,16.0,0,89.0,230.2,eastbourne
2004,9,19.6,13.1,0,33.2,184.0,eastbourne
2004,10,15.6,10.3,0,123.1,125.9,eastbourne
2004,11,11.5,7.3,0,31.2,68.5,eastbourne
2004,12,9.4,4.0,4,74.9,60.0,eastbourne
2005,1,9.4,5.5,0,30.9,88.5,eastbourne
2005,2,7.3,3.1,5,25.7,96.2,eastbourne
2005,3,9.7,4.4,4,63.1,103.5,eastbourne
2005,4,12.7,6.9,0,49.1,181.0,eastbourne
2005,5,16.1,9.0,0,29.4,241.3,eastbourne
2005,6,19.8,13.0,0,27.3,270.9,eastbourne
2005,7,21.0,15.1,0,63.2,236.1,eastbourne
2005,8,21.4,14.2,0,42.8,284.8,eastbourne
2005,9,20.1,13.5,0,46.1,181.9,eastbourne
2005,10,17.5,12.7,0,98.0,129.8,eastbourne
2005,11,10.9,5.7,1,42.2,111.7,eastbourne
2005,12,8.6,3.3,4,95.8,97.6,eastbourne
2006,1,7.5,3.9,4,27.0,48.8,eastbourne
2006,2,7.0,3.3,0,82.4,63.8,eastbourne
2006,3,8.4,3.5,4,46.0,121.0,eastbourne
2006,4,12.4,6.8,0,29.0,180.5,eastbourne
2006,5,15.6,10.1,0,64.3,200.6,eastbourne
2006,6,19.6,12.8,0,17.4,321.3,eastbourne
2006,7,23.9,17.0,0,24.4,335.3,eastbourne
2006,8,20.9,14.8,0,118.2,213.6,eastbourne
2006,9,21.0,15.7,0,60.0,189.2,eastbourne
2006,10,17.6,12.7,0,109.2,99.7,eastbourne
2006,11,13.9,7.2,0,51.0,106.4,eastbourne
2006,12,10.4,5.9,0,109.3,47.3,eastbourne
2007,1,10.3,6.3,3,74.2,72.3,eastbourne
2007,2,10.2,5.4,0,111.1,77.1,eastbourne
2007,3,11.7,5.2,1,47.2,177.0,eastbourne
2007,4,17.1,8.5,0,1.6,273.8,eastbourne
2007,5,16.6,10.6,0,98.5,189.2,eastbourne
2007,6,19.5,13.1,0,68.9,198.8,eastbourne
2007,7,19.8,13.9,0,98.4,253.9,eastbourne
2007,8,20.8,13.8,0,27.6,231.0,eastbourne
2007,9,19.2,11.8,0,17.7,179.2,eastbourne
2007,10,15.9,8.7,0,45.9,114.4,eastbourne
2007,11,12.1,6.0,2,68.4,91.6,eastbourne
2007,12,9.7,4.3,9,70.4,73.7,eastbourne
2008,1,10.4,6.1,0,91.9,52.3,eastbourne
2008,2,10.3,3.0,4,11.6,143.9,eastbourne
2008,3,10.5,4.7,1,75.5,111.1,eastbourne
2008,4,13.6,6.2,2,47.1,191.8,eastbourne
2008,5,18.9,11.3,0,90.4,244.0,eastbourne
2008,6,19.4,12.9,0,21.7,251.8,eastbourne
2008,7,20.9,14.5,0,40.3,237.2,eastbourne
2008,8,20.0,15.4,0,81.4,154.2,eastbourne
2008,9,18.3,12.0,0,65.6,162.0,eastbourne
2008,10,15.0,8.2,0,69.7,145.7,eastbourne
2008,11,11.8,6.8,0,130.1,45.7,eastbourne
2008,12,7.9,2.8,7,30.1,91.3,eastbourne
2009,1,6.7,1.7,10,95.3,68.1,eastbourne
2009,2,8.7,3.2,4,63.9,74.1,eastbourne
2009,3,11.4,4.1,0,36.7,200.4,eastbourne
2009,4,14.4,7.9,0,36.5,202.1,eastbourne
2009,5,17.1,10.1,0,43.5,245.6,eastbourne
2009,6,19.8,12.4,0,37.8,268.9,eastbourne
2009,7,20.6,14.8,0,62.1,275.8,eastbourne
2009,8,21.9,15.0,0,22.0,228.8,eastbourne
2009,9,19.9,13.2,0,19.6,179.8,eastbourne
2009,10,16.2,10.9,0,91.2,117.3,eastbourne
2009,11,13.3,9.2,0,235.2,69.7,eastbourne
2009,12,8.5,2.7,9,118.6,85.3,eastbourne
2010,1,5.3,0.8,12,73.3,72.2,eastbourne
2010,2,7.1,1.8,12,119.0,79.8,eastbourne
2010,3,9.8,4.1,3,58.0,131.8,eastbourne
2010,4,13.7,5.8,0,27.1,266.1,eastbourne
2010,5,15.0,7.5,0,24.5,237.3,eastbourne
2010,6,20.2,12.5,0,46.4,301.5,eastbourne
2010,7,22.0,15.4,0,23.8,253.9,eastbourne
2010,8,20.6,14.2,0,89.0,179.2,eastbourne
2010,9,18.7,11.5,0,34.1,149.9,eastbourne
2010,10,15.5,9.3,0,79.3,109.6,eastbourne
2010,11,10.1,5.0,5,80.6,73.8,eastbourne
2010,12,4.8,-0.5,16,61.5,52.9,eastbourne
2011,1,7.8,3.6,2,86.3,69.5,eastbourne
2011,2,9.3,5.1,0,58.2,45.4,eastbourne
2011,3,10.6,3.9,1,22.0,148.1,eastbourne
2011,4,17.3,9.1,0,10.5,274.9,eastbourne
2011,5,16.7,10.4,0,10.5,267.7,eastbourne
2011,6,19.0,12.1,0,38.2,237.8,eastbourne
2011,7,20.1,13.4,0,45.5,255.8,eastbourne
2011,8,20.2,14.9,0,79.2,201.9,eastbourne
2011,9,19.7,13.2,0,31.9,182.5,eastbourne
2011,10,16.8,10.7,0,16.2,146.4,eastbourne
2011,11,13.9,9.8,0,37.2,63.4,eastbourne
2011,12,10.7,5.0,1,193.6,65.6,eastbourne
2012,1,9.8,5.0,0,45.6,89.8,eastbourne
2012,2,7.3,1.4,13,21.8,109.2*,eastbourne
2012,3,12.6,5.5,0,32.9,180.6,eastbourne
2012,4,12.3,5.3,0,85.0,209.6,eastbourne
2012,5,16.8,10.0,0,37.5,227.1,eastbourne
2012,6,17.7,12.3,0,88.8,193.1,eastbourne
2012,7,19.8,13.7,0,81.4,229.1,eastbourne
2012,8,21.4,15.2,0,44.7,227.3,eastbourne
2012,9,18.8,11.2,0,93.7,195.4,eastbourne
2012,10,14.8,9.2,0,150.2,92.6,eastbourne
2012,11,11.4,6.2,0,92.0,95.0,eastbourne
2012,12,9.6,4.3,5,178.7,79.1,eastbourne
2013,1,7.3,3.1,9,76.4,49.1,eastbourne
2013,2,6.4,2.3,2,31.6,75.6,eastbourne
2013,3,6.8,2.5,5,55.8,64.1,eastbourne
2013,4,11.3,4.9,2,57.4*,159.1,eastbourne
2013,5,15.1,7.8*,0*,54.4,199.0,eastbourne
2013,6,18.1,11.7,0,13.8,204.3,eastbourne
2013,7,22.5,14.9,0,35.3,258.2,eastbourne
2013,8,22.0,14.9,0,32.9,269.6,eastbourne
2013,9,19.0,11.9,0,48.0,143.3,eastbourne
2013,10,16.7,11.0,0,170.8,101.9,eastbourne
2013,11,11.1,5.6,0,116.3,80.9,eastbourne
2013,12,10.8,4.8,0,145.0,58.6,eastbourne
2014,1,10.4,5.0,0,162.8,61.6,eastbourne
2014,2,10.5,5.2,0,123.7,102.8,eastbourne
2014,3,12.5,4.7,0,47.8,188.9,eastbourne
2014,4,14.7,7.1,0,44.4,196.4,eastbourne
2014,5,15.4*,9.8*,0*,59.6*,236.3*,eastbourne
2014,6,20.2,12.5,0,10.3*,214.4,eastbourne
2014,7,22.3,15.2,0,63.3*,235.9,eastbourne
2014,8,20.5,13.7,0,100.3,237.1,eastbourne
2014,9,20.6,13.1,0,9.8,185.4,eastbourne
2014,10,17.6,11.2,0,155.1,119.6,eastbourne
2014,11,13.1*,8.9*,0*,157.3*,56.1*,eastbourne
2014,12,9.5*,3.9*,3*,58.1*,73.3*,eastbourne
2015,1,9.1,3.5,6,128.7,70.3,eastbourne
2015,2,8.6,2.2,5,65.3,97.5,eastbourne
2015,3,10.8,5.1,0,25.4,142.0,eastbourne
2015,4,14.4,6.0,0,8.0,243.0,eastbourne
2015,5,15.3,9.3,0,71.0,206.4,eastbourne
2015,6,19.6,11.5,0,20.5,230.1,eastbourne
2015,7,20.5,14.2,0,62.3,212.6,eastbourne
2015,8,21.0,14.7,0,147.6,181.2,eastbourne
2015,9,18.2,10.3,0,102.6,196.1,eastbourne
2015,10,15.5,9.4,0,38.1,117.2,eastbourne
2015,11,13.8,9.1,1,101.8,33.9,eastbourne
2015,12,13.5,9.9,0,85.6,27.1,eastbourne
2016,1,9.9,4.5,3,167.8,68.0,eastbourne
2016,2,9.8,3.9,3,53.7,75.2,eastbourne
2016,3,10.6,3.9,1,45.1,144.8,eastbourne
2016,4,12.7,5.8,0,26.1,192.8,eastbourne
2016,5,17.0,10.0,0,44.2,224.2,eastbourne
2016,6,19.1,12.9,0,75.2,144.7,eastbourne
2016,7,21.2,14.9,0,5.0,248.8*,eastbourne
2016,8,21.9,14.7,0,21.8,235.6,eastbourne
2016,9,21.3,14.2,0,21.6,139.4,eastbourne
2016,10,16.2,9.1,0,32.7,116.8,eastbourne
2016,11,11.9,4.9,1,69.5,69.7,eastbourne
2016,12,10.9,5.1,1,12.3,60.7,eastbourne
2017,1,8.0,1.1,11,102.3,78.6,eastbourne
2017,2,9.6,4.8,0,33.8,51.7,eastbourne
2017,3,13.0,6.6,0,19.0,125.5,eastbourne
2017,4,14.5,5.7,0,8.6,217.5,eastbourne
2017,5,17.4,10.2,0,51.4,180.5,eastbourne
2017,6,20.6,13.4,0,34.1,241.2,eastbourne
2017,7,21.9,15.3,0,77.5,173.6,eastbourne
2017,8,21.4,13.5,0,58.7,208.3,eastbourne
2017,9,18.9,11.4,0,74.2,64.9,eastbourne
2017,10,16.3*,10.2,0,25.4,83.0,eastbourne
2017,11,11.4*,5.7,1,35.1,72.2,eastbourne
2017,12,9.0*,3.4*,7*,122.0,51.2*,eastbourne
2018,1,9.5,5.0*,0*,83.9*,54.0*,eastbourne
2018,2,6.5*,1.0*,8*,49.0*,144.6*,eastbourne
2018,3,8.4*,3.7*,4*,80.5*,94.9*,eastbourne
2018,4,13.7*,8.1*,0*,68.9*,170.8*,eastbourne
2018,5,18.4*,10.0*,0*,34.8,288.9*,eastbourne
2018,6,20.4,13.0,0,0.2,276.6*,eastbourne
2018,7,24.8,16.5,0,27.3*,329.6*,eastbourne
2018,8,22.4,14.6*,0*,87.1*,210.5*,eastbourne
2018,9,19.4,12.2,0,37.2*,192.4*,eastbourne
2018,10,16.7,9.4*,0*,33.3,163.0*,eastbourne
2018,11,12.1,8.0,0,113.1,67.4*,eastbourne
2018,12,10.7*,6.2*,0*,115.6,50.2*,eastbourne
2019,1,7.8,2.1,6,25.1,75.7*,eastbourne
2019,2,10.6,4.8,2,58.0,143.1,eastbourne
2019,3,12.2,6.7,0,50.0,133.7*,eastbourne
2019,4,14.1,6.9,0,15.0,183.4*,eastbourne
2019,5,16.4,8.9,0,23.0,232.8*,eastbourne
2019,6,18.9,12.9,0,97.4,255.5*,eastbourne
2019,7,22.2,15.0,0,63.6,275.9*,eastbourne
2019,8,22.2,15.4,0,41.4,250.3*,eastbourne
2019,9,20.3,13.3,0,77.5,162.7*,eastbourne
2019,10,15.4*,10.5*,0*,112.0,83.6*,eastbourne
2019,11,10.9*,6.2*,0*,165.0,59.9*,eastbourne
2019,12,10.3,5.0,3,125.6,67.7*,eastbourne
2020,1,10.0*,5.8*,1*,60.4,54.6*,eastbourne
2020,2,10.4,5.5,0,124.4,78.9,eastbourne
2020,3,10.3*,5.5*,0*,42.8,181.0,eastbourne
2020,4,15.1,7.5,0,22.0,263.0,eastbourne
2020,5,18.2,10.1,0,0.9,328.9,eastbourne
2020,6,20.2,13.2,0,27.8,235.7,eastbourne
2020,7,21.5,14.2,0,13.8,244.9,eastbourne
2020,8,23.2*,17.0*,0*,39.6,231.6*,eastbourne
2020,9,20.5,12.8,0,45.1,164.1,eastbourne
2020,10,15.0,9.8,0,122.8,80.1,eastbourne
2020,11,13.3,7.6,0,34.2,69.7,eastbourne
2020,12,9.5,4.7,2,153.9,61.0,eastbourne
2021,1,7.3,2.2,7,74.0,29.5,eastbourne
2021,2,8.4,3.9,6,32.2,69.7,eastbourne
2021,3,10.8,4.7,1,15.0,160.3,eastbourne
2021,4,11.0*,3.4*,1*,3.7,234.1*,eastbourne
2021,5,14.3*,8.0*,0*,71.4*,202.4*,eastbourne
2021,6,19.4*,13.7*,0*,93.4*,208.3*,eastbourne
2021,7,20.9*,15.3*,0*,78.7*,231.0*,eastbourne
2021,8,19.7*,14.5*,0*,41.5*,192.5*,eastbourne
2021,9,20.6*,14.3*,0*,53.2*,169.6*,eastbourne
2021,10,16.3*,11.2*,0*,144.8*,99.7*,eastbourne
2021,11,11.8*,6.4*,0*,11.0*,67.7*,eastbourne
2021,12,10.3*,6.7*,0*,80.9*,27.9*,eastbourne
2022,1,9.7,4.4,2,19.8,64.5,eastbourne
2022,2,11.0,5.9,0,42.7,99.2,eastbourne
2022,3,11.8,6.6,0,16.0,185.9,eastbourne
2022,4,14.4,6.8,0,19.8,229.7,eastbourne
2022,5,17.9,10.8,0,47.6,224.8,eastbourne
2022,6,20.2,12.7,0,31.6,268.0,eastbourne
2022,7,24.3,16.0,0,0.2,302.0,eastbourne
2022,8,24.3,16.6,0,34.4,264.6,eastbourne
2022,9,20.3,13.1,0,106.6,168.4,eastbourne
2022,10,18.3,12.8,0,64.9,115.3,eastbourne
2022,11,13.9,9.7,0,206.7,57.9,eastbourne
2022,12,8.2,4.2,9,124.9,38.7,eastbourne
2023,1,9.1*,4.4*,4*,119.6*,62.3*,,eastbourne
2023,2,10.0*,4.3*,2*,7.9*,75.7*,,eastbourne
2023,3,9.8*,5.7*,1*,124.5*,61.1*,,eastbourne
2023,4,12.6*,6.2*,0*,73.3*,153.7*,,eastbourne
2023,5,16.7*,9.3*,0*,19.6*,218.6*,,eastbourne
2023,6,22.4*,14.0*,0*,30.5*,264.8*,,eastbourne
2023,7,20.1*,14.8*,0*,77.4*,202.0*,,eastbourne
2023,8,20.6*,14.7*,0*,77.4*,193.7*,,eastbourne
2023,9,22.6*,15.5*,0*,45.5*,174.7*,,eastbourne
2023,10,17.7*,11.9*,0*,191.1*,119.9*,,eastbourne
2023,11,12.3*,7.3*,0*,174.6*,72.0*,,eastbourne
2023,12,11.2*,6.9*,1*,114.2*,17.8*,,eastbourne
2024,1,8.3*,3.5*,7*,76.8*,75.3*,,eastbourne
2024,2,11.1*,7.1*,0*,187.3*,37.5*,,eastbourne